id;account_id;payment_form_id;fixed;antecipation_percentage;one_parcel;between_two_and_six_parcels;more_than_seven_parcels
250358;1005890;1;0.00;0.00;3.99;0.00;0.00
250383;1005890;2;0.00;0.00;3.99;0.00;0.00
250367;1005890;3;0.00;0.00;3.99;3.99;3.99
250355;1005890;4;0.00;0.00;3.99;0.00;0.00
250378;1005890;5;0.00;0.00;3.99;3.99;3.99
250356;1005890;6;0.00;0.00;3.99;3.99;3.99
250372;1005890;7;0.00;0.00;3.99;3.99;3.99
250363;1005890;8;0.00;0.00;3.99;0.00;0.00
250370;1005890;9;0.00;0.00;3.99;0.00;0.00
250382;1005890;13;0.00;0.00;3.99;0.00;0.00
250364;1005890;14;0.00;0.00;3.99;0.00;0.00
250376;1005890;15;0.00;0.00;3.99;0.00;0.00
250381;1005890;18;0.00;0.00;3.99;0.00;0.00
250384;1005890;19;0.00;0.00;3.99;0.00;0.00
250375;1005890;20;0.00;0.00;3.99;0.00;0.00
250359;1005890;22;0.00;0.00;3.99;0.00;0.00
250357;1005890;23;0.00;0.00;3.99;0.00;0.00
250389;1005890;24;0.00;0.00;3.99;0.00;0.00
250377;1005890;27;0.00;0.00;3.99;0.00;0.00
250362;1005890;28;0.00;0.00;3.99;0.00;0.00
250379;1005890;29;0.00;0.00;3.99;0.00;0.00
250361;1005890;30;0.00;0.00;3.99;0.00;0.00
250371;1005890;32;0.00;0.00;3.99;0.00;0.00
250353;1005890;33;0.00;0.00;3.99;0.00;0.00
250388;1005890;34;0.00;0.00;3.99;3.99;3.99
250368;1005890;35;0.00;0.00;3.99;0.00;0.00
250380;1005890;37;0.00;0.00;3.99;3.99;3.99
250369;1005890;38;0.00;0.00;3.99;0.00;0.00
250387;1005890;57;0.00;0.00;3.99;3.99;3.99
250386;1005890;58;0.00;0.00;3.99;0.00;0.00
250385;1005890;73;0.00;0.00;3.99;0.00;0.00
250351;1005890;74;0.00;0.00;3.99;3.99;3.99
250365;1005890;75;0.00;0.00;3.99;3.99;3.99
250366;1005890;76;0.00;0.00;3.99;3.99;3.99
250374;1005890;77;0.00;0.00;3.99;0.00;0.00
250352;1005890;82;0.00;0.00;3.99;3.99;3.99
250360;1005890;83;0.00;0.00;3.99;0.00;0.00
250354;1005890;88;0.00;0.00;3.99;0.00;0.00
250373;1005890;91;0.00;0.00;3.99;0.00;0.00
352496;1005890;93;0.00;0.00;3.99;3.99;3.99
361096;1005890;94;0.00;0.00;3.99;3.99;3.99
300479;1122856;1;0.69;0.00;1.89;0.00;0.00
300465;1122856;2;0.69;0.00;1.89;0.00;0.00
300490;1122856;3;0.69;2.49;4.69;4.69;4.69
300463;1122856;4;0.69;0.00;1.89;0.00;0.00
300493;1122856;5;0.69;2.49;4.69;4.69;4.69
300477;1122856;6;0.69;2.49;4.69;4.69;4.69
300467;1122856;7;0.69;2.49;4.69;4.69;4.69
300491;1122856;8;0.69;0.00;1.89;0.00;0.00
300454;1122856;9;0.69;0.00;1.89;0.00;0.00
300456;1122856;13;0.69;0.00;1.89;0.00;0.00
300478;1122856;14;0.69;0.00;1.89;0.00;0.00
300482;1122856;15;0.69;0.00;1.89;0.00;0.00
300475;1122856;18;0.69;0.00;1.89;0.00;0.00
300459;1122856;19;0.69;0.00;1.89;0.00;0.00
300469;1122856;20;0.69;0.00;1.89;0.00;0.00
300462;1122856;22;0.69;0.00;1.89;0.00;0.00
300457;1122856;23;0.69;0.00;1.89;0.00;0.00
300472;1122856;24;0.69;0.00;1.89;0.00;0.00
300488;1122856;27;0.69;0.00;1.89;0.00;0.00
300458;1122856;28;0.69;0.00;1.89;0.00;0.00
300486;1122856;29;0.69;0.00;1.89;0.00;0.00
300480;1122856;30;0.69;0.00;1.89;0.00;0.00
300489;1122856;32;0.69;0.00;1.89;0.00;0.00
300484;1122856;33;0.69;0.00;1.89;0.00;0.00
300455;1122856;34;0.69;2.49;4.69;4.69;4.69
300460;1122856;35;0.69;0.00;1.89;0.00;0.00
300473;1122856;37;0.69;2.49;4.69;4.69;4.69
300485;1122856;38;0.69;0.00;1.89;0.00;0.00
300474;1122856;57;0.69;2.49;4.69;4.69;4.69
300464;1122856;58;0.69;0.00;1.89;0.00;0.00
300461;1122856;73;0.69;0.00;1.89;0.00;0.00
300492;1122856;74;0.69;2.49;4.69;4.69;4.69
300483;1122856;75;0.69;2.49;4.69;4.69;4.69
300466;1122856;76;0.69;2.49;4.69;4.69;4.69
300487;1122856;77;0.69;0.00;1.89;0.00;0.00
300476;1122856;82;0.69;2.49;4.69;4.69;4.69
300481;1122856;83;0.69;0.00;1.89;0.00;0.00
300470;1122856;88;0.69;0.00;1.89;0.00;0.00
300468;1122856;91;0.69;0.00;1.89;0.00;0.00
300471;1122856;93;0.69;2.49;4.69;4.69;4.69
361883;1122856;94;0.69;2.49;4.69;4.69;4.69
460124;1342482;1;2.40;0.00;0.00;0.00;0.00
460132;1342482;2;2.40;0.00;0.00;0.00;0.00
460147;1342482;3;0.00;2.49;2.99;2.99;2.99
460153;1342482;4;2.40;0.00;0.00;0.00;0.00
460162;1342482;5;0.00;2.49;2.99;2.99;2.99
460150;1342482;6;0.00;2.49;2.99;2.99;2.99
460141;1342482;7;0.00;2.49;2.99;2.99;2.99
460136;1342482;8;2.40;0.00;0.00;0.00;0.00
460126;1342482;9;2.68;0.00;0.00;0.00;0.00
460164;1342482;13;2.40;0.00;0.00;0.00;0.00
460134;1342482;14;2.68;0.00;0.00;0.00;0.00
460131;1342482;15;2.40;0.00;0.00;0.00;0.00
460160;1342482;18;2.40;0.00;0.00;0.00;0.00
460130;1342482;19;2.40;0.00;0.00;0.00;0.00
460143;1342482;20;2.68;0.00;0.00;0.00;0.00
460157;1342482;22;2.40;0.00;0.00;0.00;0.00
460142;1342482;23;2.40;0.00;0.00;0.00;0.00
460168;1342482;24;2.68;0.00;0.00;0.00;0.00
460159;1342482;27;2.40;0.00;0.00;0.00;0.00
460165;1342482;28;2.40;0.00;0.00;0.00;0.00
460152;1342482;29;2.40;0.00;0.00;0.00;0.00
460145;1342482;30;2.68;0.00;0.00;0.00;0.00
460163;1342482;32;2.40;0.00;0.00;0.00;0.00
460151;1342482;33;2.40;0.00;0.00;0.00;0.00
460140;1342482;34;0.00;2.49;2.99;2.99;2.99
460135;1342482;35;2.68;0.00;0.00;0.00;0.00
460125;1342482;37;0.00;2.49;2.99;2.99;2.99
460170;1342482;38;2.40;0.00;0.00;0.00;0.00
460123;1342482;57;0.00;2.49;2.99;2.99;2.99
460166;1342482;58;2.40;0.00;0.00;0.00;0.00
460146;1342482;73;2.68;0.00;0.00;0.00;0.00
460128;1342482;74;0.00;2.49;2.99;2.99;2.99
460133;1342482;75;0.00;2.49;2.99;2.99;2.99
460149;1342482;76;0.00;2.49;2.99;2.99;2.99
460169;1342482;77;2.68;0.00;0.00;0.00;0.00
460161;1342482;82;0.00;2.49;2.99;2.99;2.99
460148;1342482;83;2.40;0.00;0.00;0.00;0.00
460154;1342482;88;2.40;0.00;0.00;0.00;0.00
460138;1342482;91;2.68;0.00;0.00;0.00;0.00
460155;1342482;93;0.00;2.49;2.99;2.99;2.99
460129;1342482;94;0.00;2.49;2.99;2.99;2.99
460137;1342482;101;2.68;0.00;0.00;0.00;0.00
460156;1342482;103;0.00;2.99;1.62;3.69;3.69
460144;1342482;104;0.19;0.00;3.99;0.00;0.00
460167;1342482;105;0.00;2.99;1.62;3.69;3.69
460127;1342482;106;0.19;0.00;3.99;0.00;0.00
460158;1342482;109;0.00;2.99;1.62;3.69;3.69
460139;1342482;110;0.00;0.00;2.39;0.00;0.00
483881;2509974;1;2.99;0.00;0.00;0.00;0.00
483851;2509974;2;2.99;0.00;0.00;0.00;0.00
483876;2509974;3;0.00;2.69;2.99;2.99;2.99
483875;2509974;4;2.99;0.00;0.00;0.00;0.00
483849;2509974;5;0.00;2.69;2.99;2.99;2.99
483845;2509974;6;0.00;2.69;2.99;2.99;2.99
483860;2509974;7;0.00;2.69;2.99;2.99;2.99
483853;2509974;8;2.99;0.00;0.00;0.00;0.00
483877;2509974;9;2.99;0.00;0.00;0.00;0.00
483871;2509974;13;2.99;0.00;0.00;0.00;0.00
483841;2509974;14;2.99;0.00;0.00;0.00;0.00
483858;2509974;15;2.99;0.00;0.00;0.00;0.00
483861;2509974;18;2.99;0.00;0.00;0.00;0.00
483863;2509974;19;2.99;0.00;0.00;0.00;0.00
483862;2509974;20;2.99;0.00;0.00;0.00;0.00
483870;2509974;22;2.99;0.00;0.00;0.00;0.00
483842;2509974;23;2.99;0.00;0.00;0.00;0.00
483837;2509974;24;2.99;0.00;0.00;0.00;0.00
483850;2509974;27;2.99;0.00;0.00;0.00;0.00
483836;2509974;28;2.99;0.00;0.00;0.00;0.00
483839;2509974;29;2.99;0.00;0.00;0.00;0.00
483868;2509974;30;2.99;0.00;0.00;0.00;0.00
483852;2509974;32;2.99;0.00;0.00;0.00;0.00
483879;2509974;33;2.99;0.00;0.00;0.00;0.00
483873;2509974;34;0.00;2.69;2.99;2.99;2.99
483866;2509974;35;2.99;0.00;0.00;0.00;0.00
483840;2509974;37;0.00;2.69;2.99;2.99;2.99
483869;2509974;38;2.99;0.00;0.00;0.00;0.00
483847;2509974;57;0.00;2.69;2.99;2.99;2.99
483859;2509974;58;2.99;0.00;0.00;0.00;0.00
483874;2509974;73;2.99;0.00;0.00;0.00;0.00
483854;2509974;74;0.00;2.69;2.99;2.99;2.99
483865;2509974;75;0.00;2.69;2.99;2.99;2.99
483872;2509974;76;0.00;2.69;2.99;2.99;2.99
483878;2509974;77;2.99;0.00;0.00;0.00;0.00
483835;2509974;82;0.00;2.69;2.99;2.99;2.99
483855;2509974;83;2.99;0.00;0.00;0.00;0.00
483867;2509974;88;2.99;0.00;0.00;0.00;0.00
483882;2509974;91;2.99;0.00;0.00;0.00;0.00
483857;2509974;93;0.00;2.69;2.99;2.99;2.99
483880;2509974;94;0.00;2.69;2.99;2.99;2.99
483838;2509974;101;2.99;0.00;0.00;0.00;0.00
483848;2509974;103;0.00;2.99;1.62;3.69;3.69
483846;2509974;104;0.19;0.00;3.99;0.00;0.00
483843;2509974;105;0.00;2.99;1.62;3.69;3.69
483856;2509974;106;0.19;0.00;3.99;0.00;0.00
483864;2509974;109;0.00;2.99;1.62;3.69;3.69
483844;2509974;110;0.00;0.00;2.39;0.00;0.00
469242;2533053;1;2.99;0.00;0.00;0.00;0.00
469198;2533053;2;2.99;0.00;0.00;0.00;0.00
469203;2533053;3;0.00;2.69;2.99;2.99;2.99
469241;2533053;4;2.99;0.00;0.00;0.00;0.00
469240;2533053;5;0.00;2.69;2.99;2.99;2.99
469234;2533053;6;0.00;2.69;2.99;2.99;2.99
469237;2533053;7;0.00;2.69;2.99;2.99;2.99
469207;2533053;8;2.99;0.00;0.00;0.00;0.00
469214;2533053;9;2.99;0.00;0.00;0.00;0.00
469221;2533053;13;2.99;0.00;0.00;0.00;0.00
469218;2533053;14;2.99;0.00;0.00;0.00;0.00
469196;2533053;15;2.99;0.00;0.00;0.00;0.00
469232;2533053;18;2.99;0.00;0.00;0.00;0.00
469202;2533053;19;2.99;0.00;0.00;0.00;0.00
469204;2533053;20;2.99;0.00;0.00;0.00;0.00
469215;2533053;22;2.99;0.00;0.00;0.00;0.00
469226;2533053;23;2.99;0.00;0.00;0.00;0.00
469238;2533053;24;2.99;0.00;0.00;0.00;0.00
469224;2533053;27;2.99;0.00;0.00;0.00;0.00
469216;2533053;28;2.99;0.00;0.00;0.00;0.00
469220;2533053;29;2.99;0.00;0.00;0.00;0.00
469213;2533053;30;2.99;0.00;0.00;0.00;0.00
469222;2533053;32;2.99;0.00;0.00;0.00;0.00
469225;2533053;33;2.99;0.00;0.00;0.00;0.00
469205;2533053;34;0.00;2.69;2.99;2.99;2.99
469230;2533053;35;2.99;0.00;0.00;0.00;0.00
469229;2533053;37;0.00;2.69;2.99;2.99;2.99
469219;2533053;38;2.99;0.00;0.00;0.00;0.00
469208;2533053;57;0.00;2.69;2.99;2.99;2.99
469228;2533053;58;2.99;0.00;0.00;0.00;0.00
469197;2533053;73;2.99;0.00;0.00;0.00;0.00
469235;2533053;74;0.00;2.69;2.99;2.99;2.99
469217;2533053;75;0.00;2.69;2.99;2.99;2.99
469236;2533053;76;0.00;2.69;2.99;2.99;2.99
469210;2533053;77;2.99;0.00;0.00;0.00;0.00
469195;2533053;82;0.00;2.69;2.99;2.99;2.99
469239;2533053;83;2.99;0.00;0.00;0.00;0.00
469199;2533053;88;2.99;0.00;0.00;0.00;0.00
469200;2533053;91;2.99;0.00;0.00;0.00;0.00
469209;2533053;93;0.00;2.69;2.99;2.99;2.99
469223;2533053;94;0.00;2.69;2.99;2.99;2.99
469211;2533053;101;2.99;0.00;0.00;0.00;0.00
469206;2533053;103;0.00;2.99;1.62;3.69;3.69
469212;2533053;104;0.19;0.00;3.99;0.00;0.00
469231;2533053;105;0.00;2.99;1.62;3.69;3.69
469227;2533053;106;0.19;0.00;3.99;0.00;0.00
469233;2533053;109;0.00;2.99;1.62;3.69;3.69
469201;2533053;110;0.00;0.00;2.39;0.00;0.00
468648;2573076;1;2.99;0.00;0.00;0.00;0.00
468650;2573076;2;2.99;0.00;0.00;0.00;0.00
468660;2573076;3;0.00;2.69;2.99;2.99;2.99
468646;2573076;4;2.99;0.00;0.00;0.00;0.00
468653;2573076;5;0.00;2.69;2.99;2.99;2.99
468620;2573076;6;0.00;2.69;2.99;2.99;2.99
468651;2573076;7;0.00;2.69;2.99;2.99;2.99
468625;2573076;8;2.99;0.00;0.00;0.00;0.00
468652;2573076;9;2.99;0.00;0.00;0.00;0.00
468635;2573076;13;2.99;0.00;0.00;0.00;0.00
468622;2573076;14;2.99;0.00;0.00;0.00;0.00
468641;2573076;15;2.99;0.00;0.00;0.00;0.00
468661;2573076;18;2.99;0.00;0.00;0.00;0.00
468662;2573076;19;2.99;0.00;0.00;0.00;0.00
468656;2573076;20;2.99;0.00;0.00;0.00;0.00
468629;2573076;22;2.99;0.00;0.00;0.00;0.00
468636;2573076;23;2.99;0.00;0.00;0.00;0.00
468623;2573076;24;2.99;0.00;0.00;0.00;0.00
468655;2573076;27;2.99;0.00;0.00;0.00;0.00
468643;2573076;28;2.99;0.00;0.00;0.00;0.00
468644;2573076;29;2.99;0.00;0.00;0.00;0.00
468649;2573076;30;2.99;0.00;0.00;0.00;0.00
468639;2573076;32;2.99;0.00;0.00;0.00;0.00
468628;2573076;33;2.99;0.00;0.00;0.00;0.00
468632;2573076;34;0.00;2.69;2.99;2.99;2.99
468621;2573076;35;2.99;0.00;0.00;0.00;0.00
468658;2573076;37;0.00;2.69;2.99;2.99;2.99
468654;2573076;38;2.99;0.00;0.00;0.00;0.00
468657;2573076;57;0.00;2.69;2.99;2.99;2.99
468624;2573076;58;2.99;0.00;0.00;0.00;0.00
468659;2573076;73;2.99;0.00;0.00;0.00;0.00
468631;2573076;74;0.00;2.69;2.99;2.99;2.99
468634;2573076;75;0.00;2.69;2.99;2.99;2.99
468633;2573076;76;0.00;2.69;2.99;2.99;2.99
468666;2573076;77;2.99;0.00;0.00;0.00;0.00
468637;2573076;82;0.00;2.69;2.99;2.99;2.99
468619;2573076;83;2.99;0.00;0.00;0.00;0.00
468642;2573076;88;2.99;0.00;0.00;0.00;0.00
468663;2573076;91;2.99;0.00;0.00;0.00;0.00
468640;2573076;93;0.00;2.69;2.99;2.99;2.99
468664;2573076;94;0.00;2.69;2.99;2.99;2.99
468638;2573076;101;2.99;0.00;0.00;0.00;0.00
468626;2573076;103;0.00;2.99;1.62;3.69;3.69
468630;2573076;104;0.19;0.00;3.99;0.00;0.00
468645;2573076;105;0.00;2.99;1.62;3.69;3.69
468647;2573076;106;0.19;0.00;3.99;0.00;0.00
468627;2573076;109;0.00;2.99;1.62;3.69;3.69
468665;2573076;110;0.00;0.00;2.39;0.00;0.00
468783;2586897;1;2.99;0.00;0.00;0.00;0.00
468795;2586897;2;2.99;0.00;0.00;0.00;0.00
468763;2586897;3;0.00;0.09;2.99;2.99;2.99
468790;2586897;4;2.99;0.00;0.00;0.00;0.00
468767;2586897;5;0.00;0.09;2.99;2.99;2.99
468797;2586897;6;0.00;0.09;2.99;2.99;2.99
468764;2586897;7;0.00;0.09;2.99;2.99;2.99
468801;2586897;8;2.99;0.00;0.00;0.00;0.00
468788;2586897;9;2.99;0.00;0.00;0.00;0.00
468772;2586897;13;2.99;0.00;0.00;0.00;0.00
468781;2586897;14;2.99;0.00;0.00;0.00;0.00
468771;2586897;15;2.99;0.00;0.00;0.00;0.00
468793;2586897;18;2.99;0.00;0.00;0.00;0.00
468786;2586897;19;2.99;0.00;0.00;0.00;0.00
468779;2586897;20;2.99;0.00;0.00;0.00;0.00
468800;2586897;22;2.99;0.00;0.00;0.00;0.00
468785;2586897;23;2.99;0.00;0.00;0.00;0.00
468770;2586897;24;2.99;0.00;0.00;0.00;0.00
468808;2586897;27;2.99;0.00;0.00;0.00;0.00
468768;2586897;28;2.99;0.00;0.00;0.00;0.00
468789;2586897;29;2.99;0.00;0.00;0.00;0.00
468773;2586897;30;2.99;0.00;0.00;0.00;0.00
468780;2586897;32;2.99;0.00;0.00;0.00;0.00
468774;2586897;33;2.99;0.00;0.00;0.00;0.00
468775;2586897;34;0.00;0.09;2.99;2.99;2.99
468809;2586897;35;2.99;0.00;0.00;0.00;0.00
468805;2586897;37;0.00;0.09;2.99;2.99;2.99
468810;2586897;38;2.99;0.00;0.00;0.00;0.00
468769;2586897;57;0.00;0.09;2.99;2.99;2.99
468804;2586897;58;2.99;0.00;0.00;0.00;0.00
468799;2586897;73;2.99;0.00;0.00;0.00;0.00
468803;2586897;74;0.00;0.09;2.99;2.99;2.99
468792;2586897;75;0.00;0.09;2.99;2.99;2.99
468802;2586897;76;0.00;0.09;2.99;2.99;2.99
468794;2586897;77;2.99;0.00;0.00;0.00;0.00
468782;2586897;82;0.00;0.09;2.99;2.99;2.99
468765;2586897;83;2.99;0.00;0.00;0.00;0.00
468798;2586897;88;2.99;0.00;0.00;0.00;0.00
468778;2586897;91;2.99;0.00;0.00;0.00;0.00
468791;2586897;93;0.00;0.09;2.99;2.99;2.99
468796;2586897;94;0.00;0.09;2.99;2.99;2.99
468787;2586897;101;2.99;0.00;0.00;0.00;0.00
468784;2586897;103;0.00;2.99;1.62;3.69;3.69
468766;2586897;104;0.19;0.00;3.99;0.00;0.00
468806;2586897;105;0.00;2.99;1.62;3.69;3.69
468807;2586897;106;0.19;0.00;3.99;0.00;0.00
468777;2586897;109;0.00;2.99;1.62;3.69;3.69
468776;2586897;110;0.00;0.00;2.39;0.00;0.00
468691;2605374;1;2.99;0.00;0.00;0.00;0.00
468710;2605374;2;2.99;0.00;0.00;0.00;0.00
468705;2605374;3;0.00;2.69;2.99;2.99;2.99
468700;2605374;4;2.99;0.00;0.00;0.00;0.00
468694;2605374;5;0.00;2.69;2.99;2.99;2.99
468667;2605374;6;0.00;2.69;2.99;2.99;2.99
468687;2605374;7;0.00;2.69;2.99;2.99;2.99
468688;2605374;8;2.99;0.00;0.00;0.00;0.00
468672;2605374;9;2.99;0.00;0.00;0.00;0.00
468674;2605374;13;2.99;0.00;0.00;0.00;0.00
468709;2605374;14;2.99;0.00;0.00;0.00;0.00
468668;2605374;15;2.99;0.00;0.00;0.00;0.00
468697;2605374;18;2.99;0.00;0.00;0.00;0.00
468707;2605374;19;2.99;0.00;0.00;0.00;0.00
468704;2605374;20;2.99;0.00;0.00;0.00;0.00
468711;2605374;22;2.99;0.00;0.00;0.00;0.00
468677;2605374;23;2.99;0.00;0.00;0.00;0.00
468702;2605374;24;2.99;0.00;0.00;0.00;0.00
468682;2605374;27;2.99;0.00;0.00;0.00;0.00
468670;2605374;28;2.99;0.00;0.00;0.00;0.00
468683;2605374;29;2.99;0.00;0.00;0.00;0.00
468708;2605374;30;2.99;0.00;0.00;0.00;0.00
468669;2605374;32;2.99;0.00;0.00;0.00;0.00
468689;2605374;33;2.99;0.00;0.00;0.00;0.00
468675;2605374;34;0.00;2.69;2.99;2.99;2.99
468681;2605374;35;2.99;0.00;0.00;0.00;0.00
468671;2605374;37;0.00;2.69;2.99;2.99;2.99
468703;2605374;38;2.99;0.00;0.00;0.00;0.00
468701;2605374;57;0.00;2.69;2.99;2.99;2.99
468690;2605374;58;2.99;0.00;0.00;0.00;0.00
468684;2605374;73;2.99;0.00;0.00;0.00;0.00
468714;2605374;74;0.00;2.69;2.99;2.99;2.99
468695;2605374;75;0.00;2.69;2.99;2.99;2.99
468706;2605374;76;0.00;2.69;2.99;2.99;2.99
468676;2605374;77;2.99;0.00;0.00;0.00;0.00
468679;2605374;82;0.00;2.69;2.99;2.99;2.99
468696;2605374;83;2.99;0.00;0.00;0.00;0.00
468678;2605374;88;2.99;0.00;0.00;0.00;0.00
468685;2605374;91;2.99;0.00;0.00;0.00;0.00
468692;2605374;93;0.00;2.69;2.99;2.99;2.99
468698;2605374;94;0.00;2.69;2.99;2.99;2.99
468712;2605374;101;2.99;0.00;0.00;0.00;0.00
468693;2605374;103;0.00;2.99;1.62;3.69;3.69
468699;2605374;104;0.19;0.00;3.99;0.00;0.00
468686;2605374;105;0.00;2.99;1.62;3.69;3.69
468680;2605374;106;0.19;0.00;3.99;0.00;0.00
468673;2605374;109;0.00;2.99;1.62;3.69;3.69
468713;2605374;110;0.00;0.00;2.39;0.00;0.00
469884;2781310;1;0.69;0.00;2.00;0.00;0.00
469875;2781310;2;0.69;0.00;2.00;0.00;0.00
469899;2781310;3;0.69;2.69;3.69;3.69;4.09
469886;2781310;4;0.69;0.00;2.00;0.00;0.00
469909;2781310;5;0.69;2.69;3.69;3.69;4.09
469911;2781310;6;0.69;2.69;3.69;3.69;4.09
469870;2781310;7;0.69;2.69;3.69;3.69;4.09
469904;2781310;8;0.69;0.00;2.00;0.00;0.00
469873;2781310;9;0.69;0.00;2.00;0.00;0.00
469877;2781310;13;0.69;0.00;2.00;0.00;0.00
469880;2781310;14;0.69;0.00;2.00;0.00;0.00
469895;2781310;15;0.69;0.00;2.00;0.00;0.00
469872;2781310;18;0.69;0.00;2.00;0.00;0.00
469907;2781310;19;0.69;0.00;2.00;0.00;0.00
469874;2781310;20;0.69;0.00;2.00;0.00;0.00
469903;2781310;22;0.69;0.00;2.00;0.00;0.00
469879;2781310;23;0.69;0.00;2.00;0.00;0.00
469913;2781310;24;0.69;0.00;2.00;0.00;0.00
469883;2781310;27;0.69;0.00;2.00;0.00;0.00
469912;2781310;28;0.69;0.00;2.00;0.00;0.00
469908;2781310;29;0.69;0.00;2.00;0.00;0.00
469889;2781310;30;0.69;0.00;2.00;0.00;0.00
469888;2781310;32;0.69;0.00;2.00;0.00;0.00
469881;2781310;33;0.69;0.00;2.00;0.00;0.00
469867;2781310;34;0.69;2.69;3.69;3.69;4.09
469897;2781310;35;0.69;0.00;2.00;0.00;0.00
469894;2781310;37;0.69;2.69;3.69;3.69;4.09
469901;2781310;38;0.69;0.00;2.00;0.00;0.00
469902;2781310;57;0.69;2.69;3.69;3.69;4.09
469896;2781310;58;0.69;0.00;2.00;0.00;0.00
469882;2781310;73;0.69;0.00;2.00;0.00;0.00
469869;2781310;74;0.69;2.69;3.69;3.69;4.09
469871;2781310;75;0.69;2.69;3.69;3.69;4.09
469893;2781310;76;0.69;2.69;3.69;3.69;4.09
469898;2781310;77;0.69;0.00;2.00;0.00;0.00
469905;2781310;82;0.69;2.69;3.69;3.69;4.09
469868;2781310;83;0.69;0.00;2.00;0.00;0.00
469876;2781310;88;0.69;0.00;2.00;0.00;0.00
469891;2781310;91;0.69;0.00;2.00;0.00;0.00
469878;2781310;93;0.69;2.69;3.69;3.69;4.09
469914;2781310;94;0.69;2.69;3.69;3.69;4.09
469887;2781310;101;0.69;0.00;2.00;0.00;0.00
469885;2781310;103;0.00;2.99;1.62;3.69;3.69
469900;2781310;104;0.19;0.00;3.99;0.00;0.00
469890;2781310;105;0.00;2.99;1.62;3.69;3.69
469910;2781310;106;0.19;0.00;3.99;0.00;0.00
469892;2781310;109;0.00;2.99;1.62;3.69;3.69
469906;2781310;110;0.00;0.00;2.39;0.00;0.00
483799;2921679;1;0.69;0.00;1.89;0.00;0.00
483807;2921679;2;0.69;0.00;1.89;0.00;0.00
483810;2921679;3;0.00;2.69;2.99;2.99;2.99
483816;2921679;4;0.69;0.00;1.89;0.00;0.00
483792;2921679;5;0.00;2.69;2.99;2.99;2.99
483802;2921679;6;0.00;2.69;2.99;2.99;2.99
483788;2921679;7;0.00;2.69;2.99;2.99;2.99
483822;2921679;8;0.69;0.00;1.89;0.00;0.00
483789;2921679;9;2.99;0.00;0.00;0.00;0.00
483833;2921679;13;0.69;0.00;1.89;0.00;0.00
483793;2921679;14;2.99;0.00;0.00;0.00;0.00
483800;2921679;15;0.69;0.00;1.89;0.00;0.00
483817;2921679;18;0.69;0.00;1.89;0.00;0.00
483823;2921679;19;0.69;0.00;1.89;0.00;0.00
483798;2921679;20;2.99;0.00;0.00;0.00;0.00
483819;2921679;22;0.69;0.00;1.89;0.00;0.00
483824;2921679;23;0.69;0.00;1.89;0.00;0.00
483827;2921679;24;2.99;0.00;0.00;0.00;0.00
483829;2921679;27;0.69;0.00;1.89;0.00;0.00
483818;2921679;28;0.69;0.00;1.89;0.00;0.00
483830;2921679;29;0.69;0.00;1.89;0.00;0.00
483832;2921679;30;2.99;0.00;0.00;0.00;0.00
483791;2921679;32;0.69;0.00;1.89;0.00;0.00
483787;2921679;33;0.69;0.00;1.89;0.00;0.00
483797;2921679;34;0.00;2.69;2.99;2.99;2.99
483806;2921679;35;2.99;0.00;0.00;0.00;0.00
483834;2921679;37;0.00;2.69;2.99;2.99;2.99
483796;2921679;38;0.69;0.00;1.89;0.00;0.00
483794;2921679;57;0.00;2.69;2.99;2.99;2.99
483826;2921679;58;0.69;0.00;1.89;0.00;0.00
483811;2921679;73;2.99;0.00;0.00;0.00;0.00
483803;2921679;74;0.00;2.69;2.99;2.99;2.99
483804;2921679;75;0.00;2.69;2.99;2.99;2.99
483828;2921679;76;0.00;2.69;2.99;2.99;2.99
483820;2921679;77;2.99;0.00;0.00;0.00;0.00
483813;2921679;82;0.00;2.69;2.99;2.99;2.99
483808;2921679;83;0.69;0.00;1.89;0.00;0.00
483801;2921679;88;0.69;0.00;1.89;0.00;0.00
483795;2921679;91;2.99;0.00;0.00;0.00;0.00
483805;2921679;93;0.00;2.69;2.99;2.99;2.99
483821;2921679;94;0.00;2.69;2.99;2.99;2.99
483809;2921679;101;2.99;0.00;0.00;0.00;0.00
483825;2921679;103;0.00;2.99;1.62;3.69;3.69
483831;2921679;104;0.19;0.00;3.99;0.00;0.00
483815;2921679;105;0.00;2.99;1.62;3.69;3.69
483814;2921679;106;0.19;0.00;3.99;0.00;0.00
483812;2921679;109;0.00;2.99;1.62;3.69;3.69
483790;2921679;110;0.00;0.00;2.39;0.00;0.00
495679;3048157;1;1.90;0.00;0.00;0.00;0.00
495655;3048157;2;1.90;0.00;0.00;0.00;0.00
495670;3048157;3;0.69;2.69;2.99;2.99;2.99
495661;3048157;4;1.90;0.00;0.00;0.00;0.00
495669;3048157;5;0.69;2.69;2.99;2.99;2.99
495673;3048157;6;0.69;2.69;2.99;2.99;2.99
495662;3048157;7;0.69;2.69;2.99;2.99;2.99
495685;3048157;8;1.90;0.00;0.00;0.00;0.00
495658;3048157;9;1.90;0.00;0.00;0.00;0.00
495667;3048157;13;1.90;0.00;0.00;0.00;0.00
495650;3048157;14;1.90;0.00;0.00;0.00;0.00
495677;3048157;15;1.90;0.00;0.00;0.00;0.00
495668;3048157;18;1.90;0.00;0.00;0.00;0.00
495681;3048157;19;1.90;0.00;0.00;0.00;0.00
495683;3048157;20;1.90;0.00;0.00;0.00;0.00
495656;3048157;22;1.90;0.00;0.00;0.00;0.00
495680;3048157;23;1.90;0.00;0.00;0.00;0.00
495647;3048157;24;1.90;0.00;0.00;0.00;0.00
495663;3048157;27;1.90;0.00;0.00;0.00;0.00
495671;3048157;28;1.90;0.00;0.00;0.00;0.00
495687;3048157;29;1.90;0.00;0.00;0.00;0.00
495676;3048157;30;1.90;0.00;0.00;0.00;0.00
495684;3048157;32;1.90;0.00;0.00;0.00;0.00
495653;3048157;33;1.90;0.00;0.00;0.00;0.00
495675;3048157;34;0.69;2.69;2.99;2.99;2.99
495648;3048157;35;1.90;0.00;0.00;0.00;0.00
495646;3048157;37;0.69;2.69;2.99;2.99;2.99
495643;3048157;38;1.90;0.00;0.00;0.00;0.00
495682;3048157;57;0.69;2.69;2.99;2.99;2.99
495666;3048157;58;1.90;0.00;0.00;0.00;0.00
495664;3048157;73;1.90;0.00;0.00;0.00;0.00
495649;3048157;74;0.69;2.69;2.99;2.99;2.99
495659;3048157;75;0.69;2.69;2.99;2.99;2.99
495690;3048157;76;0.69;2.69;2.99;2.99;2.99
495652;3048157;77;1.90;0.00;0.00;0.00;0.00
495644;3048157;82;0.69;2.69;2.99;2.99;2.99
495645;3048157;83;1.90;0.00;0.00;0.00;0.00
495688;3048157;88;1.90;0.00;0.00;0.00;0.00
495654;3048157;91;1.90;0.00;0.00;0.00;0.00
495665;3048157;93;0.69;2.69;2.99;2.99;2.99
495651;3048157;94;0.69;2.69;2.99;2.99;2.99
495672;3048157;101;1.90;0.00;0.00;0.00;0.00
495657;3048157;103;0.19;2.99;1.62;3.69;3.69
495674;3048157;104;0.00;0.00;2.39;0.00;0.00
495689;3048157;105;0.19;2.99;1.62;3.69;3.69
495660;3048157;106;0.00;0.00;2.39;0.00;0.00
495678;3048157;109;0.19;2.99;1.62;3.69;3.69
495686;3048157;110;0.00;0.00;2.39;0.00;0.00
495830;3049112;1;2.99;0.00;0.00;0.00;0.00
495829;3049112;2;2.99;0.00;0.00;0.00;0.00
495798;3049112;3;0.69;2.49;3.49;3.69;4.09
495824;3049112;4;2.99;0.00;0.00;0.00;0.00
495834;3049112;5;0.69;2.49;3.49;3.69;4.09
495833;3049112;6;0.69;2.49;3.49;3.69;4.09
495804;3049112;7;0.69;2.49;3.49;3.69;4.09
495789;3049112;8;2.99;0.00;0.00;0.00;0.00
495815;3049112;9;2.99;0.00;0.00;0.00;0.00
495827;3049112;13;2.99;0.00;0.00;0.00;0.00
495810;3049112;14;2.99;0.00;0.00;0.00;0.00
495811;3049112;15;2.99;0.00;0.00;0.00;0.00
495809;3049112;18;2.99;0.00;0.00;0.00;0.00
495801;3049112;19;2.99;0.00;0.00;0.00;0.00
495806;3049112;20;2.99;0.00;0.00;0.00;0.00
495817;3049112;22;2.99;0.00;0.00;0.00;0.00
495808;3049112;23;2.99;0.00;0.00;0.00;0.00
495816;3049112;24;2.99;0.00;0.00;0.00;0.00
495788;3049112;27;2.99;0.00;0.00;0.00;0.00
495814;3049112;28;2.99;0.00;0.00;0.00;0.00
495813;3049112;29;2.99;0.00;0.00;0.00;0.00
495790;3049112;30;2.99;0.00;0.00;0.00;0.00
495826;3049112;32;2.99;0.00;0.00;0.00;0.00
495822;3049112;33;2.99;0.00;0.00;0.00;0.00
495820;3049112;34;0.69;2.49;3.49;3.69;4.09
495799;3049112;35;2.99;0.00;0.00;0.00;0.00
495819;3049112;37;0.69;2.49;3.49;3.69;4.09
495832;3049112;38;2.99;0.00;0.00;0.00;0.00
495797;3049112;57;0.69;2.49;3.49;3.69;4.09
495800;3049112;58;2.99;0.00;0.00;0.00;0.00
495831;3049112;73;2.99;0.00;0.00;0.00;0.00
495828;3049112;74;0.69;2.49;3.49;3.69;4.09
495787;3049112;75;0.69;2.49;3.49;3.69;4.09
495791;3049112;76;0.69;2.49;3.49;3.69;4.09
495794;3049112;77;2.99;0.00;0.00;0.00;0.00
495796;3049112;82;0.69;2.49;3.49;3.69;4.09
495818;3049112;83;2.99;0.00;0.00;0.00;0.00
495803;3049112;88;2.99;0.00;0.00;0.00;0.00
495802;3049112;91;2.99;0.00;0.00;0.00;0.00
495812;3049112;93;0.69;2.49;3.49;3.69;4.09
495821;3049112;94;0.69;2.49;3.49;3.69;4.09
495795;3049112;101;2.99;0.00;0.00;0.00;0.00
495807;3049112;103;0.19;2.49;3.99;3.99;3.99
495825;3049112;104;0.19;0.00;3.99;0.00;0.00
495805;3049112;105;0.19;2.49;3.99;3.99;3.99
495793;3049112;106;0.19;0.00;3.99;0.00;0.00
495823;3049112;109;0.19;2.49;3.99;3.99;3.99
495792;3049112;110;0.19;0.00;3.99;0.00;0.00
495966;3049226;1;0.39;0.00;2.30;0.00;0.00
495931;3049226;2;0.39;0.00;2.30;0.00;0.00
495972;3049226;3;0.39;2.69;3.99;3.99;3.99
495944;3049226;4;0.39;0.00;2.30;0.00;0.00
495976;3049226;5;0.39;2.69;3.99;3.99;3.99
495937;3049226;6;0.39;2.69;3.99;3.99;3.99
495962;3049226;7;0.39;2.69;3.99;3.99;3.99
495952;3049226;8;0.39;0.00;2.30;0.00;0.00
495946;3049226;9;0.39;0.00;2.30;0.00;0.00
495942;3049226;13;0.39;0.00;2.30;0.00;0.00
495965;3049226;14;0.39;0.00;2.30;0.00;0.00
495948;3049226;15;0.39;0.00;2.30;0.00;0.00
495936;3049226;18;0.39;0.00;2.30;0.00;0.00
495947;3049226;19;0.39;0.00;2.30;0.00;0.00
495955;3049226;20;0.39;0.00;2.30;0.00;0.00
495969;3049226;22;0.39;0.00;2.30;0.00;0.00
495964;3049226;23;0.39;0.00;2.30;0.00;0.00
495950;3049226;24;0.39;0.00;2.30;0.00;0.00
495968;3049226;27;0.39;0.00;2.30;0.00;0.00
495956;3049226;28;0.39;0.00;2.30;0.00;0.00
495935;3049226;29;0.39;0.00;2.30;0.00;0.00
495963;3049226;30;0.39;0.00;2.30;0.00;0.00
495943;3049226;32;0.39;0.00;2.30;0.00;0.00
495975;3049226;33;0.39;0.00;2.30;0.00;0.00
495978;3049226;34;0.39;2.69;3.99;3.99;3.99
495945;3049226;35;0.39;0.00;2.30;0.00;0.00
495973;3049226;37;0.39;2.69;3.99;3.99;3.99
495971;3049226;38;0.39;0.00;2.30;0.00;0.00
495949;3049226;57;0.39;2.69;3.99;3.99;3.99
495938;3049226;58;0.39;0.00;2.30;0.00;0.00
495974;3049226;73;0.39;0.00;2.30;0.00;0.00
495961;3049226;74;0.39;2.69;3.99;3.99;3.99
495934;3049226;75;0.39;2.69;3.99;3.99;3.99
495970;3049226;76;0.39;2.69;3.99;3.99;3.99
495933;3049226;77;0.39;0.00;2.30;0.00;0.00
495939;3049226;82;0.39;2.69;3.99;3.99;3.99
495932;3049226;83;0.39;0.00;2.30;0.00;0.00
495941;3049226;88;0.39;0.00;2.30;0.00;0.00
495959;3049226;91;0.39;0.00;2.30;0.00;0.00
495954;3049226;93;0.39;2.69;3.99;3.99;3.99
495953;3049226;94;0.39;2.69;3.99;3.99;3.99
495977;3049226;101;0.39;0.00;2.30;0.00;0.00
495967;3049226;103;0.19;2.49;3.99;3.99;3.99
495951;3049226;104;0.19;0.00;3.99;0.00;0.00
495940;3049226;105;0.19;2.49;3.99;3.99;3.99
495960;3049226;106;0.19;0.00;3.99;0.00;0.00
495958;3049226;109;0.19;2.49;3.99;3.99;3.99
495957;3049226;110;0.19;0.00;3.99;0.00;0.00
496130;3050509;1;3.00;0.00;0.00;0.00;0.00
496123;3050509;2;3.00;0.00;0.00;0.00;0.00
496164;3050509;3;0.69;2.69;3.49;3.49;3.49
496154;3050509;4;3.00;0.00;0.00;0.00;0.00
496141;3050509;5;0.69;2.69;3.49;3.49;3.49
496167;3050509;6;0.69;2.69;3.49;3.49;3.49
496153;3050509;7;0.69;2.69;3.49;3.49;3.49
496144;3050509;8;3.00;0.00;0.00;0.00;0.00
496140;3050509;9;3.00;0.00;0.00;0.00;0.00
496143;3050509;13;3.00;0.00;0.00;0.00;0.00
496142;3050509;14;3.00;0.00;0.00;0.00;0.00
496162;3050509;15;3.00;0.00;0.00;0.00;0.00
496147;3050509;18;3.00;0.00;0.00;0.00;0.00
496163;3050509;19;3.00;0.00;0.00;0.00;0.00
496170;3050509;20;3.00;0.00;0.00;0.00;0.00
496131;3050509;22;3.00;0.00;0.00;0.00;0.00
496135;3050509;23;3.00;0.00;0.00;0.00;0.00
496166;3050509;24;3.00;0.00;0.00;0.00;0.00
496152;3050509;27;3.00;0.00;0.00;0.00;0.00
496134;3050509;28;3.00;0.00;0.00;0.00;0.00
496169;3050509;29;3.00;0.00;0.00;0.00;0.00
496148;3050509;30;3.00;0.00;0.00;0.00;0.00
496150;3050509;32;3.00;0.00;0.00;0.00;0.00
496132;3050509;33;3.00;0.00;0.00;0.00;0.00
496126;3050509;34;0.69;2.69;3.49;3.49;3.49
496138;3050509;35;3.00;0.00;0.00;0.00;0.00
496160;3050509;37;0.69;2.69;3.49;3.49;3.49
496124;3050509;38;3.00;0.00;0.00;0.00;0.00
496128;3050509;57;0.69;2.69;3.49;3.49;3.49
496149;3050509;58;3.00;0.00;0.00;0.00;0.00
496168;3050509;73;3.00;0.00;0.00;0.00;0.00
496159;3050509;74;0.69;2.69;3.49;3.49;3.49
496145;3050509;75;0.69;2.69;3.49;3.49;3.49
496156;3050509;76;0.69;2.69;3.49;3.49;3.49
496157;3050509;77;3.00;0.00;0.00;0.00;0.00
496161;3050509;82;0.69;2.69;3.49;3.49;3.49
496127;3050509;83;3.00;0.00;0.00;0.00;0.00
496146;3050509;88;3.00;0.00;0.00;0.00;0.00
496155;3050509;91;3.00;0.00;0.00;0.00;0.00
496158;3050509;93;0.69;2.69;3.49;3.49;3.49
496133;3050509;94;0.69;2.69;3.49;3.49;3.49
496125;3050509;101;3.00;0.00;0.00;0.00;0.00
496165;3050509;103;0.00;2.99;1.62;3.69;3.69
496151;3050509;104;0.00;0.00;2.39;0.00;0.00
496139;3050509;105;0.00;2.99;1.62;3.69;3.69
496129;3050509;106;0.00;0.00;2.39;0.00;0.00
496136;3050509;109;0.00;2.99;1.62;3.69;3.69
496137;3050509;110;0.00;0.00;2.39;0.00;0.00
496961;3052457;1;0.69;0.00;1.89;0.00;0.00
496974;3052457;2;0.69;0.00;1.89;0.00;0.00
496952;3052457;3;0.69;2.69;3.19;3.39;3.59
496941;3052457;4;0.69;0.00;1.89;0.00;0.00
496971;3052457;5;0.69;2.69;3.19;3.39;3.59
496953;3052457;6;0.69;2.69;3.19;3.39;3.59
496978;3052457;7;0.69;2.69;3.19;3.39;3.59
496985;3052457;8;0.69;0.00;1.89;0.00;0.00
496967;3052457;9;0.69;0.00;1.89;0.00;0.00
496964;3052457;13;0.69;0.00;1.89;0.00;0.00
496972;3052457;14;0.69;0.00;1.89;0.00;0.00
496968;3052457;15;0.69;0.00;1.89;0.00;0.00
496948;3052457;18;0.69;0.00;1.89;0.00;0.00
496945;3052457;19;0.69;0.00;1.89;0.00;0.00
496954;3052457;20;0.69;0.00;1.89;0.00;0.00
496975;3052457;22;0.69;0.00;1.89;0.00;0.00
496950;3052457;23;0.69;0.00;1.89;0.00;0.00
496955;3052457;24;0.69;0.00;1.89;0.00;0.00
496970;3052457;27;0.69;0.00;1.89;0.00;0.00
496958;3052457;28;0.69;0.00;1.89;0.00;0.00
496965;3052457;29;0.69;0.00;1.89;0.00;0.00
496986;3052457;30;0.69;0.00;1.89;0.00;0.00
496969;3052457;32;0.69;0.00;1.89;0.00;0.00
496940;3052457;33;0.69;0.00;1.89;0.00;0.00
496943;3052457;34;0.69;2.69;3.19;3.39;3.59
496956;3052457;35;0.69;0.00;1.89;0.00;0.00
496957;3052457;37;0.69;2.69;3.19;3.39;3.59
496939;3052457;38;0.69;0.00;1.89;0.00;0.00
496942;3052457;57;0.69;2.69;3.19;3.39;3.59
496963;3052457;58;0.69;0.00;1.89;0.00;0.00
496946;3052457;73;0.69;0.00;1.89;0.00;0.00
496962;3052457;74;0.69;2.69;3.19;3.39;3.59
496949;3052457;75;0.69;2.69;3.19;3.39;3.59
496976;3052457;76;0.69;2.69;3.19;3.39;3.59
496983;3052457;77;0.69;0.00;1.89;0.00;0.00
496984;3052457;82;0.69;2.69;3.19;3.39;3.59
496982;3052457;83;0.69;0.00;1.89;0.00;0.00
496959;3052457;88;0.69;0.00;1.89;0.00;0.00
496951;3052457;91;0.69;0.00;1.89;0.00;0.00
496980;3052457;93;0.69;2.69;3.19;3.39;3.59
496960;3052457;94;0.69;2.69;3.19;3.39;3.59
496944;3052457;101;0.69;0.00;1.89;0.00;0.00
496966;3052457;103;0.00;2.99;1.62;3.69;3.69
496979;3052457;104;0.00;0.00;2.39;0.00;0.00
496981;3052457;105;0.00;2.99;1.62;3.69;3.69
496973;3052457;106;0.00;0.00;2.39;0.00;0.00
496977;3052457;109;0.00;2.99;1.62;3.69;3.69
496947;3052457;110;0.00;0.00;2.39;0.00;0.00
496200;3052731;1;0.69;0.00;2.50;0.00;0.00
496204;3052731;2;0.69;0.00;2.50;0.00;0.00
496205;3052731;3;0.69;2.69;3.99;4.19;4.39
496174;3052731;4;0.69;0.00;2.50;0.00;0.00
496215;3052731;5;0.69;2.69;3.99;4.19;4.39
496196;3052731;6;0.69;2.69;3.99;4.19;4.39
496171;3052731;7;0.69;2.69;3.99;4.19;4.39
496183;3052731;8;0.69;0.00;2.50;0.00;0.00
496172;3052731;9;0.69;0.00;2.50;0.00;0.00
496180;3052731;13;0.69;0.00;2.50;0.00;0.00
496209;3052731;14;0.69;0.00;2.50;0.00;0.00
496217;3052731;15;0.69;0.00;2.50;0.00;0.00
496188;3052731;18;0.69;0.00;2.50;0.00;0.00
496195;3052731;19;0.69;0.00;2.50;0.00;0.00
496192;3052731;20;0.69;0.00;2.50;0.00;0.00
496208;3052731;22;0.69;0.00;2.50;0.00;0.00
496202;3052731;23;0.69;0.00;2.50;0.00;0.00
496194;3052731;24;0.69;0.00;2.50;0.00;0.00
496210;3052731;27;0.69;0.00;2.50;0.00;0.00
496190;3052731;28;0.69;0.00;2.50;0.00;0.00
496212;3052731;29;0.69;0.00;2.50;0.00;0.00
496198;3052731;30;0.69;0.00;2.50;0.00;0.00
496203;3052731;32;0.69;0.00;2.50;0.00;0.00
496187;3052731;33;0.69;0.00;2.50;0.00;0.00
496197;3052731;34;0.69;2.69;3.99;4.19;4.39
496179;3052731;35;0.69;0.00;2.50;0.00;0.00
496186;3052731;37;0.69;2.69;3.99;4.19;4.39
496182;3052731;38;0.69;0.00;2.50;0.00;0.00
496185;3052731;57;0.69;2.69;3.99;4.19;4.39
496213;3052731;58;0.69;0.00;2.50;0.00;0.00
496189;3052731;73;0.69;0.00;2.50;0.00;0.00
496206;3052731;74;0.69;2.69;3.99;4.19;4.39
496178;3052731;75;0.69;2.69;3.99;4.19;4.39
496193;3052731;76;0.69;2.69;3.99;4.19;4.39
496173;3052731;77;0.69;0.00;2.50;0.00;0.00
496214;3052731;82;0.69;2.69;3.99;4.19;4.39
496175;3052731;83;0.69;0.00;2.50;0.00;0.00
496191;3052731;88;0.69;0.00;2.50;0.00;0.00
496177;3052731;91;0.69;0.00;2.50;0.00;0.00
496201;3052731;93;0.69;2.69;3.99;4.19;4.39
496218;3052731;94;0.69;2.69;3.99;4.19;4.39
496211;3052731;101;0.69;0.00;2.50;0.00;0.00
496184;3052731;103;0.00;2.99;1.62;3.69;3.69
496176;3052731;104;0.00;0.00;2.39;0.00;0.00
496181;3052731;105;0.00;2.99;1.62;3.69;3.69
496199;3052731;106;0.00;0.00;2.39;0.00;0.00
496207;3052731;109;0.00;2.99;1.62;3.69;3.69
496216;3052731;110;0.00;0.00;2.39;0.00;0.00
496437;3052773;1;0.69;0.00;2.60;0.00;0.00
496445;3052773;2;0.69;0.00;2.60;0.00;0.00
496421;3052773;3;0.69;2.49;3.69;3.89;4.09
496420;3052773;4;0.69;0.00;2.60;0.00;0.00
496423;3052773;5;0.69;2.49;3.69;3.89;4.09
496424;3052773;6;0.69;2.49;3.69;3.89;4.09
496430;3052773;7;0.69;2.49;3.69;3.89;4.09
496442;3052773;8;0.69;0.00;2.60;0.00;0.00
496414;3052773;9;0.69;0.00;2.60;0.00;0.00
496419;3052773;13;0.69;0.00;2.60;0.00;0.00
496431;3052773;14;0.69;0.00;2.60;0.00;0.00
496458;3052773;15;0.69;0.00;2.60;0.00;0.00
496413;3052773;18;0.69;0.00;2.60;0.00;0.00
496426;3052773;19;0.69;0.00;2.60;0.00;0.00
496436;3052773;20;0.69;0.00;2.60;0.00;0.00
496441;3052773;22;0.69;0.00;2.60;0.00;0.00
496448;3052773;23;0.69;0.00;2.60;0.00;0.00
496432;3052773;24;0.69;0.00;2.60;0.00;0.00
496425;3052773;27;0.69;0.00;2.60;0.00;0.00
496444;3052773;28;0.69;0.00;2.60;0.00;0.00
496446;3052773;29;0.69;0.00;2.60;0.00;0.00
496455;3052773;30;0.69;0.00;2.60;0.00;0.00
496438;3052773;32;0.69;0.00;2.60;0.00;0.00
496440;3052773;33;0.69;0.00;2.60;0.00;0.00
496451;3052773;34;0.69;2.49;3.69;3.89;4.09
496439;3052773;35;0.69;0.00;2.60;0.00;0.00
496429;3052773;37;0.69;2.49;3.69;3.89;4.09
496416;3052773;38;0.69;0.00;2.60;0.00;0.00
496422;3052773;57;0.69;2.49;3.69;3.89;4.09
496453;3052773;58;0.69;0.00;2.60;0.00;0.00
496411;3052773;73;0.69;0.00;2.60;0.00;0.00
496449;3052773;74;0.69;2.49;3.69;3.89;4.09
496457;3052773;75;0.69;2.49;3.69;3.89;4.09
496428;3052773;76;0.69;2.49;3.69;3.89;4.09
496415;3052773;77;0.69;0.00;2.60;0.00;0.00
496447;3052773;82;0.69;2.49;3.69;3.89;4.09
496434;3052773;83;0.69;0.00;2.60;0.00;0.00
496456;3052773;88;0.69;0.00;2.60;0.00;0.00
496417;3052773;91;0.69;0.00;2.60;0.00;0.00
496427;3052773;93;0.69;2.49;3.69;3.89;4.09
496450;3052773;94;0.69;2.49;3.69;3.89;4.09
496443;3052773;101;0.69;0.00;2.60;0.00;0.00
496454;3052773;103;0.00;2.99;1.62;3.69;3.69
496412;3052773;104;0.00;0.00;2.39;0.00;0.00
496435;3052773;105;0.00;2.99;1.62;3.69;3.69
496433;3052773;106;0.00;0.00;2.39;0.00;0.00
496418;3052773;109;0.00;2.99;1.62;3.69;3.69
496452;3052773;110;0.00;0.00;2.39;0.00;0.00
496229;3053886;1;0.69;0.00;1.89;0.00;0.00
496241;3053886;2;0.69;0.00;1.89;0.00;0.00
496221;3053886;3;0.69;2.69;3.79;3.99;4.19
496227;3053886;4;0.69;0.00;1.89;0.00;0.00
496256;3053886;5;0.69;2.69;3.79;3.99;4.19
496232;3053886;6;0.69;2.69;3.79;3.99;4.19
496244;3053886;7;0.69;2.69;3.79;3.99;4.19
496233;3053886;8;0.69;0.00;1.89;0.00;0.00
496243;3053886;9;0.69;0.00;1.89;0.00;0.00
496261;3053886;13;0.69;0.00;1.89;0.00;0.00
496223;3053886;14;0.69;0.00;1.89;0.00;0.00
496235;3053886;15;0.69;0.00;1.89;0.00;0.00
496228;3053886;18;0.69;0.00;1.89;0.00;0.00
496239;3053886;19;0.69;0.00;1.89;0.00;0.00
496219;3053886;20;0.69;0.00;1.89;0.00;0.00
496264;3053886;22;0.69;0.00;1.89;0.00;0.00
496262;3053886;23;0.69;0.00;1.89;0.00;0.00
496245;3053886;24;0.69;0.00;1.89;0.00;0.00
496230;3053886;27;0.69;0.00;1.89;0.00;0.00
496249;3053886;28;0.69;0.00;1.89;0.00;0.00
496248;3053886;29;0.69;0.00;1.89;0.00;0.00
496242;3053886;30;0.69;0.00;1.89;0.00;0.00
496257;3053886;32;0.69;0.00;1.89;0.00;0.00
496237;3053886;33;0.69;0.00;1.89;0.00;0.00
496234;3053886;34;0.69;2.69;3.79;3.99;4.19
496259;3053886;35;0.69;0.00;1.89;0.00;0.00
496222;3053886;37;0.69;2.69;3.79;3.99;4.19
496260;3053886;38;0.69;0.00;1.89;0.00;0.00
496240;3053886;57;0.69;2.69;3.79;3.99;4.19
496236;3053886;58;0.69;0.00;1.89;0.00;0.00
496258;3053886;73;0.69;0.00;1.89;0.00;0.00
496226;3053886;74;0.69;2.69;3.79;3.99;4.19
496231;3053886;75;0.69;2.69;3.79;3.99;4.19
496220;3053886;76;0.69;2.69;3.79;3.99;4.19
496246;3053886;77;0.69;0.00;1.89;0.00;0.00
496225;3053886;82;0.69;2.69;3.79;3.99;4.19
496252;3053886;83;0.69;0.00;1.89;0.00;0.00
496263;3053886;88;0.69;0.00;1.89;0.00;0.00
496253;3053886;91;0.69;0.00;1.89;0.00;0.00
496254;3053886;93;0.69;2.69;3.79;3.99;4.19
496250;3053886;94;0.69;2.69;3.79;3.99;4.19
496224;3053886;101;0.69;0.00;1.89;0.00;0.00
496255;3053886;103;0.00;2.99;1.62;3.69;3.69
496247;3053886;104;0.00;0.00;2.39;0.00;0.00
496266;3053886;105;0.00;2.99;1.62;3.69;3.69
496265;3053886;106;0.00;0.00;2.39;0.00;0.00
496238;3053886;109;0.00;2.99;1.62;3.69;3.69
496251;3053886;110;0.00;0.00;2.39;0.00;0.00
496760;3056311;1;3.50;0.00;0.00;0.00;0.00
496771;3056311;2;3.50;0.00;0.00;0.00;0.00
496750;3056311;3;0.49;2.49;3.39;3.59;3.79
496752;3056311;4;3.50;0.00;0.00;0.00;0.00
496790;3056311;5;0.49;2.49;3.39;3.59;3.79
496756;3056311;6;0.49;2.49;3.39;3.59;3.79
496758;3056311;7;0.49;2.49;3.39;3.59;3.79
496748;3056311;8;3.50;0.00;0.00;0.00;0.00
496766;3056311;9;3.50;0.00;0.00;0.00;0.00
496769;3056311;13;3.50;0.00;0.00;0.00;0.00
496773;3056311;14;3.50;0.00;0.00;0.00;0.00
496754;3056311;15;3.50;0.00;0.00;0.00;0.00
496793;3056311;18;3.50;0.00;0.00;0.00;0.00
496784;3056311;19;3.50;0.00;0.00;0.00;0.00
496763;3056311;20;3.50;0.00;0.00;0.00;0.00
496779;3056311;22;3.50;0.00;0.00;0.00;0.00
496791;3056311;23;3.50;0.00;0.00;0.00;0.00
496794;3056311;24;3.50;0.00;0.00;0.00;0.00
496749;3056311;27;3.50;0.00;0.00;0.00;0.00
496785;3056311;28;3.50;0.00;0.00;0.00;0.00
496792;3056311;29;3.50;0.00;0.00;0.00;0.00
496783;3056311;30;3.50;0.00;0.00;0.00;0.00
496753;3056311;32;3.50;0.00;0.00;0.00;0.00
496767;3056311;33;3.50;0.00;0.00;0.00;0.00
496768;3056311;34;0.49;2.49;3.39;3.59;3.79
496764;3056311;35;3.50;0.00;0.00;0.00;0.00
496776;3056311;37;0.49;2.49;3.39;3.59;3.79
496761;3056311;38;3.50;0.00;0.00;0.00;0.00
496789;3056311;57;0.49;2.49;3.39;3.59;3.79
496765;3056311;58;3.50;0.00;0.00;0.00;0.00
496781;3056311;73;3.50;0.00;0.00;0.00;0.00
496788;3056311;74;0.49;2.49;3.39;3.59;3.79
496780;3056311;75;0.49;2.49;3.39;3.59;3.79
496777;3056311;76;0.49;2.49;3.39;3.59;3.79
496775;3056311;77;3.50;0.00;0.00;0.00;0.00
496751;3056311;82;0.49;2.49;3.39;3.59;3.79
496757;3056311;83;3.50;0.00;0.00;0.00;0.00
496782;3056311;88;3.50;0.00;0.00;0.00;0.00
496755;3056311;91;3.50;0.00;0.00;0.00;0.00
496787;3056311;93;0.49;2.49;3.39;3.59;3.79
496786;3056311;94;0.49;2.49;3.39;3.59;3.79
496770;3056311;101;3.50;0.00;0.00;0.00;0.00
496772;3056311;103;0.00;2.99;1.62;3.69;3.69
496778;3056311;104;0.00;0.00;2.39;0.00;0.00
496759;3056311;105;0.00;2.99;1.62;3.69;3.69
496774;3056311;106;0.00;0.00;2.39;0.00;0.00
496762;3056311;109;0.00;2.99;1.62;3.69;3.69
496747;3056311;110;0.00;0.00;2.39;0.00;0.00
497050;3060942;1;0.69;0.00;2.50;0.00;0.00
497045;3060942;2;0.69;0.00;2.50;0.00;0.00
497075;3060942;3;0.69;2.49;2.99;2.99;2.99
497044;3060942;4;0.69;0.00;2.50;0.00;0.00
497055;3060942;5;0.69;2.49;2.99;2.99;2.99
497066;3060942;6;0.69;2.49;2.99;2.99;2.99
497073;3060942;7;0.69;2.49;2.99;2.99;2.99
497072;3060942;8;0.69;0.00;2.50;0.00;0.00
497049;3060942;9;0.69;0.00;2.50;0.00;0.00
497074;3060942;13;0.69;0.00;2.50;0.00;0.00
497071;3060942;14;0.69;0.00;2.50;0.00;0.00
497080;3060942;15;0.69;0.00;2.50;0.00;0.00
497038;3060942;18;0.69;0.00;2.50;0.00;0.00
497052;3060942;19;0.69;0.00;2.50;0.00;0.00
497036;3060942;20;0.69;0.00;2.50;0.00;0.00
497076;3060942;22;0.69;0.00;2.50;0.00;0.00
497058;3060942;23;0.69;0.00;2.50;0.00;0.00
497051;3060942;24;0.69;0.00;2.50;0.00;0.00
497042;3060942;27;0.69;0.00;2.50;0.00;0.00
497041;3060942;28;0.69;0.00;2.50;0.00;0.00
497082;3060942;29;0.69;0.00;2.50;0.00;0.00
497079;3060942;30;0.69;0.00;2.50;0.00;0.00
497047;3060942;32;0.69;0.00;2.50;0.00;0.00
497043;3060942;33;0.69;0.00;2.50;0.00;0.00
497061;3060942;34;0.69;2.49;2.99;2.99;2.99
497060;3060942;35;0.69;0.00;2.50;0.00;0.00
497053;3060942;37;0.69;2.49;2.99;2.99;2.99
497056;3060942;38;0.69;0.00;2.50;0.00;0.00
497067;3060942;57;0.69;2.49;2.99;2.99;2.99
497077;3060942;58;0.69;0.00;2.50;0.00;0.00
497059;3060942;73;0.69;0.00;2.50;0.00;0.00
497070;3060942;74;0.69;2.49;2.99;2.99;2.99
497040;3060942;75;0.69;2.49;2.99;2.99;2.99
497062;3060942;76;0.69;2.49;2.99;2.99;2.99
497037;3060942;77;0.69;0.00;2.50;0.00;0.00
497065;3060942;82;0.69;2.49;2.99;2.99;2.99
497048;3060942;83;0.69;0.00;2.50;0.00;0.00
497039;3060942;88;0.69;0.00;2.50;0.00;0.00
497081;3060942;91;0.69;0.00;2.50;0.00;0.00
497078;3060942;93;0.69;2.49;2.99;2.99;2.99
497046;3060942;94;0.69;2.49;2.99;2.99;2.99
497035;3060942;101;0.69;0.00;2.50;0.00;0.00
497054;3060942;103;0.00;2.99;1.62;3.69;3.69
497068;3060942;104;0.00;0.00;2.39;0.00;0.00
497057;3060942;105;0.00;2.99;1.62;3.69;3.69
497064;3060942;106;0.00;0.00;2.39;0.00;0.00
497069;3060942;109;0.00;2.99;1.62;3.69;3.69
497063;3060942;110;0.00;0.00;2.39;0.00;0.00
495363;3046937;93;0,78;0,88;4,39;4,62;
495389;3046937;103;0,21;0,23;4,5;4,5;
495388;3046937;76;0,78;0,88;4,39;4,62;
495387;3046937;109;0,21;0,23;4,5;4,5;
495386;3046937;101;2,83;3,19;0;0;
495385;3046937;88;2,83;3,19;0;0;
495384;3046937;9;2,83;3,19;0;0;
495383;3046937;6;0,78;0,88;4,39;4,62;
495391;3046937;91;2,83;3,19;0;0;
495382;3046937;104;0,21;0,23;0;0;
495381;3046937;1;2,83;3,19;0;0;
495390;3046937;22;2,83;3,19;0;0;
495392;3046937;19;2,83;3,19;0;0;
495402;3046937;94;0,78;0,88;4,39;4,62;
495401;3046937;5;0,78;0,88;4,39;4,62;
495400;3046937;75;0,78;0,88;4,39;4,62;
495399;3046937;18;2,83;3,19;0;0;
495398;3046937;28;2,83;3,19;0;0;
495397;3046937;27;2,83;3,19;0;0;
495396;3046937;20;2,83;3,19;0;0;
495395;3046937;37;0,78;0,88;4,39;4,62;
495394;3046937;30;2,83;3,19;0;0;
495393;3046937;110;0,21;0,23;0;0;
495380;3046937;4;2,83;3,19;0;0;
495379;3046937;24;2,83;3,19;0;0;
495365;3046937;83;2,83;3,19;0;0;
495364;3046937;82;0,78;0,88;4,39;4,62;
495362;3046937;15;2,83;3,19;0;0;
495361;3046937;35;2,83;3,19;0;0;
495360;3046937;57;0,78;0,88;4,39;4,62;
495359;3046937;13;2,83;3,19;0;0;
495358;3046937;32;2,83;3,19;0;0;
495357;3046937;23;2,83;3,19;0;0;
495356;3046937;38;2,83;3,19;0;0;
495355;3046937;34;0,78;0,88;4,39;4,62;
495367;3046937;2;2,83;3,19;0;0;
495366;3046937;58;2,83;3,19;0;0;
495373;3046937;33;2,83;3,19;0;0;
495376;3046937;73;2,83;3,19;0;0;
495375;3046937;105;0,21;0,23;4,5;4,5;
495374;3046937;7;0,78;0,88;4,39;4,62;
495378;3046937;29;2,83;3,19;0;0;
495372;3046937;74;0,78;0,88;4,39;4,62;
495371;3046937;3;0,78;0,88;4,39;4,62;
495370;3046937;14;2,83;3,19;0;0;
495369;3046937;8;2,83;3,19;0;0;
495368;3046937;106;0,21;0,23;0;0;
495377;3046937;77;2,83;3,19;0;0;
495910;3042538;74;0,78;0,88;3,83;4,05;
495884;3042538;22;5,64;6,37;0;0;
495929;3042538;73;5,64;6,37;0;0;
495917;3042538;29;5,64;6,37;0;0;
495916;3042538;105;0,21;0,23;4,5;4,5;
495915;3042538;18;5,64;6,37;0;0;
495914;3042538;75;0,78;0,88;3,83;4,05;
495883;3042538;27;5,64;6,37;0;0;
495913;3042538;76;0,78;0,88;3,83;4,05;
495912;3042538;30;5,64;6,37;0;0;
495911;3042538;88;5,64;6,37;0;0;
495909;3042538;2;5,64;6,37;0;0;
495908;3042538;101;5,64;6,37;0;0;
495918;3042538;82;0,78;0,88;3,83;4,05;
495919;3042538;34;0,78;0,88;3,83;4,05;
495930;3042538;8;5,64;6,37;0;0;
495928;3042538;15;5,64;6,37;0;0;
495927;3042538;24;5,64;6,37;0;0;
495926;3042538;106;0,21;0,23;0;0;
495925;3042538;104;0,21;0,23;0;0;
495924;3042538;109;0,21;0,23;4,5;4,5;
495923;3042538;103;0,21;0,23;4,5;4,5;
495922;3042538;94;0,78;0,88;3,83;4,05;
495921;3042538;37;0,78;0,88;3,83;4,05;
495920;3042538;83;5,64;6,37;0;0;
495907;3042538;13;5,64;6,37;0;0;
495906;3042538;110;0,21;0,23;0;0;
495905;3042538;32;5,64;6,37;0;0;
495892;3042538;57;0,78;0,88;3,83;4,05;
495891;3042538;33;5,64;6,37;0;0;
495890;3042538;38;5,64;6,37;0;0;
495889;3042538;9;5,64;6,37;0;0;
495888;3042538;1;5,64;6,37;0;0;
495887;3042538;35;5,64;6,37;0;0;
495886;3042538;14;5,64;6,37;0;0;
495885;3042538;23;5,64;6,37;0;0;
495894;3042538;58;5,64;6,37;0;0;
495896;3042538;28;5,64;6,37;0;0;
495895;3042538;6;0,78;0,88;3,83;4,05;
495904;3042538;5;0,78;0,88;3,83;4,05;
495903;3042538;77;5,64;6,37;0;0;
495893;3042538;3;0,78;0,88;3,83;4,05;
495902;3042538;91;5,64;6,37;0;0;
495901;3042538;19;5,64;6,37;0;0;
495900;3042538;93;0,78;0,88;3,83;4,05;
495899;3042538;4;5,64;6,37;0;0;
495898;3042538;20;5,64;6,37;0;0;
495897;3042538;7;0,78;0,88;3,83;4,05;
495610;3042413;9;2,26;2,55;0;0;
495621;3042413;27;2,26;2,55;0;0;
495636;3042413;73;2,26;2,55;0;0;
495641;3042413;19;2,26;2,55;0;0;
495629;3042413;82;0,44;0,49;3,83;4,28;
495628;3042413;28;2,26;2,55;0;0;
495627;3042413;33;2,26;2,55;0;0;
495626;3042413;35;2,26;2,55;0;0;
495625;3042413;103;0,21;0,23;4,5;4,5;
495624;3042413;94;0,44;0,49;3,83;4,28;
495623;3042413;32;2,26;2,55;0;0;
495622;3042413;106;0,21;0,23;0;0;
495620;3042413;18;2,26;2,55;0;0;
495630;3042413;13;2,26;2,55;0;0;
495631;3042413;76;0,44;0,49;3,83;4,28;
495640;3042413;24;2,26;2,55;0;0;
495639;3042413;14;2,26;2,55;0;0;
495638;3042413;104;0,21;0,23;0;0;
495642;3042413;3;0,44;0,49;3,83;4,28;
495637;3042413;6;0,44;0,49;3,83;4,28;
495635;3042413;37;0,44;0,49;3,83;4,28;
495634;3042413;23;2,26;2,55;0;0;
495633;3042413;1;2,26;2,55;0;0;
495632;3042413;5;0,44;0,49;3,83;4,28;
495619;3042413;75;0,44;0,49;3,83;4,28;
495618;3042413;20;2,26;2,55;0;0;
495617;3042413;57;0,44;0,49;3,83;4,28;
495603;3042413;7;0,44;0,49;3,83;4,28;
495602;3042413;34;0,44;0,49;3,83;4,28;
495601;3042413;83;2,26;2,55;0;0;
495600;3042413;74;0,44;0,49;3,83;4,28;
495599;3042413;88;2,26;2,55;0;0;
495598;3042413;15;2,26;2,55;0;0;
495597;3042413;22;2,26;2,55;0;0;
495596;3042413;4;2,26;2,55;0;0;
495595;3042413;29;2,26;2,55;0;0;
495604;3042413;101;2,26;2,55;0;0;
495605;3042413;93;0,44;0,49;3,83;4,28;
495606;3042413;8;2,26;2,55;0;0;
495616;3042413;109;0,21;0,23;4,5;4,5;
495615;3042413;38;2,26;2,55;0;0;
495614;3042413;2;2,26;2,55;0;0;
495613;3042413;30;2,26;2,55;0;0;
495612;3042413;105;0,21;0,23;4,5;4,5;
495611;3042413;58;2,26;2,55;0;0;
495609;3042413;110;0,21;0,23;0;0;
495608;3042413;77;2,26;2,55;0;0;
495607;3042413;91;2,26;2,55;0;0;
495053;3042280;19;3,38;3,81;0;0;
495052;3042280;7;0,33;0,37;4,12;4,23;
495051;3042280;34;0,33;0,37;4,12;4,23;
495050;3042280;20;3,38;3,81;0;0;
495049;3042280;91;3,38;3,81;0;0;
495048;3042280;77;3,38;3,81;0;0;
495047;3042280;76;0,33;0,37;4,12;4,23;
495046;3042280;103;0,21;0,23;4,5;4,5;
495045;3042280;75;0,33;0,37;4,12;4,23;
495044;3042280;37;0,33;0,37;4,12;4,23;
495043;3042280;29;3,38;3,81;0;0;
495054;3042280;83;3,38;3,81;0;0;
495055;3042280;5;0,33;0,37;4,12;4,23;
495065;3042280;109;0,21;0,23;4,5;4,5;
495064;3042280;23;3,38;3,81;0;0;
495063;3042280;106;0,21;0,23;0;0;
495062;3042280;101;3,38;3,81;0;0;
495061;3042280;32;3,38;3,81;0;0;
495060;3042280;14;3,38;3,81;0;0;
495059;3042280;94;0,33;0,37;4,12;4,23;
495058;3042280;2;3,38;3,81;0;0;
495057;3042280;38;3,38;3,81;0;0;
495056;3042280;24;3,38;3,81;0;0;
495066;3042280;3;0,33;0,37;4,12;4,23;
495042;3042280;58;3,38;3,81;0;0;
495028;3042280;8;3,38;3,81;0;0;
495027;3042280;4;3,38;3,81;0;0;
495026;3042280;13;3,38;3,81;0;0;
495025;3042280;104;0,21;0,23;0;0;
495024;3042280;57;0,33;0,37;4,12;4,23;
495023;3042280;1;3,38;3,81;0;0;
495022;3042280;33;3,38;3,81;0;0;
495021;3042280;9;3,38;3,81;0;0;
495020;3042280;82;0,33;0,37;4,12;4,23;
495019;3042280;93;0,33;0,37;4,12;4,23;
495029;3042280;88;3,38;3,81;0;0;
495030;3042280;15;3,38;3,81;0;0;
495031;3042280;30;3,38;3,81;0;0;
495041;3042280;18;3,38;3,81;0;0;
495040;3042280;110;0,21;0,23;0;0;
495039;3042280;6;0,33;0,37;4,12;4,23;
495038;3042280;74;0,33;0,37;4,12;4,23;
495037;3042280;35;3,38;3,81;0;0;
495036;3042280;28;3,38;3,81;0;0;
495035;3042280;27;3,38;3,81;0;0;
495034;3042280;105;0,21;0,23;4,5;4,5;
495033;3042280;22;3,38;3,81;0;0;
495032;3042280;73;3,38;3,81;0;0;
495242;3041944;13;3,94;4,45;0;0;
495243;3041944;109;0,21;0,23;4,5;4,5;
495244;3041944;24;3,94;4,45;0;0;
495245;3041944;20;3,94;4,45;0;0;
495241;3041944;27;3,94;4,45;0;0;
495240;3041944;29;3,94;4,45;0;0;
495239;3041944;15;3,94;4,45;0;0;
495238;3041944;38;3,94;4,45;0;0;
495237;3041944;77;3,94;4,45;0;0;
495236;3041944;3;0,78;0,88;5,07;5,29;
495235;3041944;14;3,94;4,45;0;0;
495246;3041944;74;0,78;0,88;5,07;5,29;
495247;3041944;91;3,94;4,45;0;0;
495257;3041944;30;3,94;4,45;0;0;
495256;3041944;58;3,94;4,45;0;0;
495255;3041944;94;0,78;0,88;5,07;5,29;
495254;3041944;37;0,78;0,88;5,07;5,29;
495253;3041944;93;0,78;0,88;5,07;5,29;
495252;3041944;101;3,94;4,45;0;0;
495251;3041944;106;0,21;0,23;0;0;
495250;3041944;22;3,94;4,45;0;0;
495249;3041944;23;3,94;4,45;0;0;
495248;3041944;34;0,78;0,88;5,07;5,29;
495258;3041944;1;3,94;4,45;0;0;
495234;3041944;6;0,78;0,88;5,07;5,29;
495220;3041944;7;0,78;0,88;5,07;5,29;
495219;3041944;57;0,78;0,88;5,07;5,29;
495218;3041944;2;3,94;4,45;0;0;
495217;3041944;35;3,94;4,45;0;0;
495216;3041944;5;0,78;0,88;5,07;5,29;
495215;3041944;110;0,21;0,23;0;0;
495214;3041944;105;0,21;0,23;4,5;4,5;
495213;3041944;4;3,94;4,45;0;0;
495212;3041944;33;3,94;4,45;0;0;
495211;3041944;8;3,94;4,45;0;0;
495221;3041944;19;3,94;4,45;0;0;
495222;3041944;18;3,94;4,45;0;0;
495223;3041944;83;3,94;4,45;0;0;
495233;3041944;103;0,21;0,23;4,5;4,5;
495232;3041944;88;3,94;4,45;0;0;
495231;3041944;104;0,21;0,23;0;0;
495230;3041944;76;0,78;0,88;5,07;5,29;
495229;3041944;75;0,78;0,88;5,07;5,29;
495228;3041944;82;0,78;0,88;5,07;5,29;
495227;3041944;32;3,94;4,45;0;0;
495226;3041944;73;3,94;4,45;0;0;
495225;3041944;28;3,94;4,45;0;0;
495224;3041944;9;3,94;4,45;0;0;
495290;3041726;34;0,78;0,88;4,05;4,28;
495291;3041726;57;0,78;0,88;4,05;4,28;
495292;3041726;82;0,78;0,88;4,05;4,28;
495293;3041726;88;0;0;0;0;
495289;3041726;76;0,78;0,88;4,05;4,28;
495288;3041726;24;2,83;3,19;0;0;
495287;3041726;74;0,78;0,88;4,05;4,28;
495286;3041726;33;0;0;0;0;
495285;3041726;32;0;0;0;0;
495284;3041726;58;0;0;0;0;
495283;3041726;8;0;0;0;0;
495294;3041726;38;0;0;0;0;
495295;3041726;83;0;0;0;0;
495305;3041726;18;0;0;0;0;
495304;3041726;6;0,78;0,88;4,05;4,28;
495303;3041726;2;0;0;0;0;
495302;3041726;15;0;0;0;0;
495301;3041726;1;0;0;0;0;
495300;3041726;103;0,21;0,23;4,5;4,5;
495299;3041726;23;0;0;0;0;
495298;3041726;14;2,83;3,19;0;0;
495297;3041726;13;0;0;0;0;
495296;3041726;105;0,21;0,23;4,5;4,5;
495306;3041726;77;2,83;3,19;0;0;
495282;3041726;22;0;0;0;0;
495268;3041726;28;0;0;0;0;
495267;3041726;73;2,83;3,19;0;0;
495266;3041726;20;2,83;3,19;0;0;
495265;3041726;75;0,78;0,88;4,05;4,28;
495264;3041726;110;0,21;0,23;0;0;
495263;3041726;91;2,83;3,19;0;0;
495262;3041726;3;0,78;0,88;4,05;4,28;
495261;3041726;29;0;0;0;0;
495260;3041726;106;0,21;0,23;0;0;
495259;3041726;104;0,21;0,23;0;0;
495269;3041726;7;0,78;0,88;4,05;4,28;
495270;3041726;19;0;0;0;0;
495271;3041726;94;0,78;0,88;4,05;4,28;
495281;3041726;30;2,83;3,19;0;0;
495280;3041726;101;2,83;3,19;0;0;
495279;3041726;109;0,21;0,23;4,5;4,5;
495278;3041726;27;0;0;0;0;
495277;3041726;37;0,78;0,88;4,05;4,28;
495276;3041726;4;0;0;0;0;
495275;3041726;93;0,78;0,88;4,05;4,28;
495274;3041726;5;0,78;0,88;4,05;4,28;
495273;3041726;9;2,83;3,19;0;0;
495272;3041726;35;2,83;3,19;0;0;
494986;3040344;104;0,21;0,23;0;0;
494985;3040344;24;0,78;0,88;0;0;
494984;3040344;30;0,78;0,88;0;0;
494983;3040344;3;0,78;0,88;3,37;3,37;
494987;3040344;83;0,78;0,88;0;0;
494988;3040344;8;0,78;0,88;0;0;
494990;3040344;18;0,78;0,88;0;0;
494991;3040344;88;0,78;0,88;0;0;
494992;3040344;57;0,78;0,88;3,37;3,37;
494993;3040344;23;0,78;0,88;0;0;
494994;3040344;2;0,78;0,88;0;0;
494981;3040344;19;0,78;0,88;0;0;
494980;3040344;35;0,78;0,88;0;0;
494971;3040344;76;0,78;0,88;3,37;3,37;
494972;3040344;15;0,78;0,88;0;0;
494973;3040344;37;0,78;0,88;3,37;3,37;
494974;3040344;110;0,21;0,23;0;0;
494975;3040344;4;0,78;0,88;0;0;
494989;3040344;105;0,21;0,23;4,5;4,5;
494976;3040344;28;0,78;0,88;0;0;
494977;3040344;73;0,78;0,88;0;0;
494978;3040344;77;0,78;0,88;0;0;
494979;3040344;7;0,78;0,88;3,37;3,37;
494982;3040344;14;0,78;0,88;0;0;
495018;3040344;101;0,78;0,88;0;0;
495008;3040344;29;0,78;0,88;0;0;
495009;3040344;1;0,78;0,88;0;0;
495010;3040344;74;0,78;0,88;3,37;3,37;
495011;3040344;34;0,78;0,88;3,37;3,37;
495012;3040344;75;0,78;0,88;3,37;3,37;
495013;3040344;94;0,78;0,88;3,37;3,37;
495014;3040344;106;0,21;0,23;0;0;
495015;3040344;13;0,78;0,88;0;0;
495016;3040344;91;0,78;0,88;0;0;
495017;3040344;38;0,78;0,88;0;0;
495007;3040344;9;0,78;0,88;0;0;
495006;3040344;82;0,78;0,88;3,37;3,37;
494995;3040344;5;0,78;0,88;3,37;3,37;
494996;3040344;20;0,78;0,88;0;0;
494997;3040344;27;0,78;0,88;0;0;
494998;3040344;22;0,78;0,88;0;0;
494999;3040344;103;0,21;0,23;4,5;4,5;
495000;3040344;109;0,21;0,23;4,5;4,5;
495001;3040344;58;0,78;0,88;0;0;
495002;3040344;32;0,78;0,88;0;0;
495003;3040344;33;0,78;0,88;0;0;
495004;3040344;6;0,78;0,88;3,37;3,37;
495005;3040344;93;0,78;0,88;3,37;3,37;
496681;3038506;27;2,71;3,06;0;0;
496682;3038506;3;0,78;0,88;2,7;2,92;
496683;3038506;91;2,71;3,06;0;0;
496684;3038506;93;0,78;0,88;2,7;2,92;
496698;3038506;8;2,71;3,06;0;0;
496680;3038506;103;0;0;4,16;4,16;
496679;3038506;15;0;0;0;0;
496678;3038506;6;0,78;0,88;2,7;2,92;
496677;3038506;82;0,78;0,88;2,7;2,92;
496676;3038506;88;2,71;3,06;0;0;
496685;3038506;7;0,78;0,88;2,7;2,92;
496686;3038506;106;0;0;0;0;
496687;3038506;29;0;0;0;0;
496697;3038506;14;2,71;3,06;0;0;
496696;3038506;19;0;0;0;0;
496695;3038506;35;2,71;3,06;0;0;
496694;3038506;75;0,78;0,88;2,7;2,92;
496692;3038506;73;2,71;3,06;0;0;
496691;3038506;105;0;0;4,16;4,16;
496690;3038506;1;2,71;3,06;0;0;
496689;3038506;4;0;0;0;0;
496688;3038506;9;2,71;3,06;0;0;
496675;3038506;34;0,78;0,88;2,7;2,92;
496674;3038506;22;2,71;3,06;0;0;
496673;3038506;20;2,71;3,06;0;0;
496659;3038506;83;2,71;3,06;0;0;
496658;3038506;18;2,71;3,06;0;0;
496657;3038506;13;2,71;3,06;0;0;
496656;3038506;57;0,78;0,88;2,7;2,92;
496655;3038506;77;2,71;3,06;0;0;
496654;3038506;76;0,78;0,88;2,7;2,92;
496653;3038506;2;2,71;3,06;0;0;
496652;3038506;101;2,71;3,06;0;0;
496651;3038506;38;0;0;0;0;
496693;3038506;109;0;0;4,16;4,16;
496660;3038506;104;0;0;0;0;
496661;3038506;94;0,78;0,88;2,7;2,92;
496662;3038506;32;2,71;3,06;0;0;
496672;3038506;110;0;0;0;0;
496671;3038506;23;0;0;0;0;
496670;3038506;74;0,78;0,88;2,7;2,92;
496669;3038506;33;0;0;0;0;
496668;3038506;24;2,71;3,06;0;0;
496667;3038506;28;0;0;0;0;
496666;3038506;58;2,71;3,06;0;0;
496665;3038506;5;0,78;0,88;2,7;2,92;
496664;3038506;37;0,78;0,88;2,7;2,92;
496663;3038506;30;2,71;3,06;0;0;
7114;556900;3;0,39;2,69;2,79;2,89;
7129;556900;4;0,39;2,69;0;0;
7115;556900;5;0,39;2,69;2,79;2,89;
7116;556900;6;0,39;2,69;2,79;2,89;
7117;556900;7;0,39;2,69;2,79;2,89;
7146;556900;8;1,89;0;0;0;
7137;556900;9;1,89;0;0;0;
7147;556900;13;1,89;0;0;0;
7138;556900;14;1,89;0;0;0;
7130;556900;15;0,39;2,69;0;0;
7148;556900;18;1,89;0;0;0;
7131;556900;19;0,39;2,69;0;0;
7139;556900;20;1,89;0;0;0;
7149;556900;22;1,89;0;0;0;
7132;556900;23;0,39;2,69;0;0;
7140;556900;24;1,89;0;0;0;
7150;556900;27;1,89;0;0;0;
7133;556900;28;0,39;2,69;0;0;
7134;556900;29;0,39;2,69;0;0;
7141;556900;30;1,89;0;0;0;
7151;556900;32;1,89;0;0;0;
7135;556900;33;0,39;2,69;0;0;
7118;556900;34;0,39;2,69;2,79;2,89;
7142;556900;35;1,89;0;0;0;
7119;556900;37;0,39;2,69;2,79;2,89;
7136;556900;38;0,39;2,69;0;0;
7120;556900;57;0,39;2,69;2,79;2,89;
7143;556900;73;1,89;0;0;0;
7121;556900;74;0,39;2,69;2,79;2,89;
7122;556900;75;0,39;2,69;2,79;2,89;
7123;556900;76;0,39;2,69;2,79;2,89;
7144;556900;77;1,89;0;0;0;
7124;556900;82;0,39;2,69;2,79;2,89;
7152;556900;83;1,89;0;0;0;
7153;556900;88;1,89;0;0;0;
7145;556900;91;1,89;0;0;0;
348854;556900;93;0,39;2,69;2,79;2,89;
357168;556900;94;0,39;2,69;2,79;2,89;
250304;628952;1;0;3,99;0;0;
250294;628952;2;0;3,99;0;0;
250308;628952;3;0;3,99;3,99;3,99;
250278;628952;4;0;3,99;0;0;
250311;628952;5;0;3,99;3,99;3,99;
250285;628952;6;0;3,99;3,99;3,99;
250274;628952;7;0;3,99;3,99;3,99;
250296;628952;8;0;3,99;0;0;
250307;628952;9;0;3,99;0;0;
250286;628952;13;0;3,99;0;0;
250300;628952;14;0;3,99;0;0;
250289;628952;15;0;3,99;0;0;
250290;628952;18;0;3,99;0;0;
250288;628952;19;0;3,99;0;0;
250301;628952;20;0;3,99;0;0;
250279;628952;22;0;3,99;0;0;
250292;628952;23;0;3,99;0;0;
250310;628952;24;0;3,99;0;0;
250293;628952;27;0;3,99;0;0;
250281;628952;28;0;3,99;0;0;
250277;628952;29;0;3,99;0;0;
250302;628952;30;0;3,99;0;0;
250297;628952;32;0;3,99;0;0;
250273;628952;33;0;3,99;0;0;
250276;628952;34;0;3,99;3,99;3,99;
250295;628952;35;0;3,99;0;0;
250284;628952;37;0;3,99;3,99;3,99;
250280;628952;38;0;3,99;0;0;
250298;628952;57;0;3,99;3,99;3,99;
250305;628952;58;0;3,99;0;0;
250306;628952;73;0;3,99;0;0;
250299;628952;74;0;3,99;3,99;3,99;
250283;628952;75;0;3,99;3,99;3,99;
250275;628952;76;0;3,99;3,99;3,99;
250287;628952;77;0;3,99;0;0;
250309;628952;82;0;3,99;3,99;3,99;
250303;628952;83;0;3,99;0;0;
250282;628952;88;0;3,99;0;0;
250291;628952;91;0;3,99;0;0;
349057;628952;93;0;3,99;3,99;3,99;
357395;628952;94;0;3,99;3,99;3,99;
250358;1005890;1;0;3,99;0;0;
250383;1005890;2;0;3,99;0;0;
250367;1005890;3;0;3,99;3,99;3,99;
250355;1005890;4;0;3,99;0;0;
250378;1005890;5;0;3,99;3,99;3,99;
250356;1005890;6;0;3,99;3,99;3,99;
250372;1005890;7;0;3,99;3,99;3,99;
250363;1005890;8;0;3,99;0;0;
250370;1005890;9;0;3,99;0;0;
250382;1005890;13;0;3,99;0;0;
250364;1005890;14;0;3,99;0;0;
250376;1005890;15;0;3,99;0;0;
250381;1005890;18;0;3,99;0;0;
250384;1005890;19;0;3,99;0;0;
250375;1005890;20;0;3,99;0;0;
250359;1005890;22;0;3,99;0;0;
250357;1005890;23;0;3,99;0;0;
250389;1005890;24;0;3,99;0;0;
250377;1005890;27;0;3,99;0;0;
250362;1005890;28;0;3,99;0;0;
250379;1005890;29;0;3,99;0;0;
250361;1005890;30;0;3,99;0;0;
250371;1005890;32;0;3,99;0;0;
250353;1005890;33;0;3,99;0;0;
250388;1005890;34;0;3,99;3,99;3,99;
250368;1005890;35;0;3,99;0;0;
250380;1005890;37;0;3,99;3,99;3,99;
250369;1005890;38;0;3,99;0;0;
250387;1005890;57;0;3,99;3,99;3,99;
250386;1005890;58;0;3,99;0;0;
250385;1005890;73;0;3,99;0;0;
250351;1005890;74;0;3,99;3,99;3,99;
250365;1005890;75;0;3,99;3,99;3,99;
250366;1005890;76;0;3,99;3,99;3,99;
250374;1005890;77;0;3,99;0;0;
250352;1005890;82;0;3,99;3,99;3,99;
250360;1005890;83;0;3,99;0;0;
250354;1005890;88;0;3,99;0;0;
250373;1005890;91;0;3,99;0;0;
352496;1005890;93;0;3,99;3,99;3,99;
361096;1005890;94;0;3,99;3,99;3,99;
419186;1122832;1;0,69;1,89;0;0;
419160;1122832;2;0,69;1,89;0;0;
419172;1122832;3;0,69;4,69;4,69;4,69;
419180;1122832;4;0,69;1,89;0;0;
419188;1122832;5;0,69;4,69;4,69;4,69;
419181;1122832;6;0,69;4,69;4,69;4,69;
419175;1122832;7;0,69;4,69;4,69;4,69;
419165;1122832;8;0,69;1,89;0;0;
419163;1122832;9;0,69;1,89;0;0;
419185;1122832;13;0,69;1,89;0;0;
419168;1122832;14;0,69;1,89;0;0;
419167;1122832;15;0,69;1,89;0;0;
419183;1122832;18;0,69;1,89;0;0;
419169;1122832;19;0,69;1,89;0;0;
419171;1122832;20;0,69;1,89;0;0;
419162;1122832;22;0,69;1,89;0;0;
419161;1122832;23;0,69;1,89;0;0;
419157;1122832;24;0,69;1,89;0;0;
419155;1122832;27;0,69;1,89;0;0;
419177;1122832;28;0,69;1,89;0;0;
419152;1122832;29;0,69;1,89;0;0;
419164;1122832;30;0,69;1,89;0;0;
419187;1122832;32;0,69;1,89;0;0;
419173;1122832;33;0,69;1,89;0;0;
419156;1122832;34;0,69;4,69;4,69;4,69;
419151;1122832;35;0,69;1,89;0;0;
419166;1122832;37;0,69;4,69;4,69;4,69;
419178;1122832;38;0,69;1,89;0;0;
419150;1122832;57;0,69;4,69;4,69;4,69;
419153;1122832;58;0,69;1,89;0;0;
419147;1122832;73;0,69;1,89;0;0;
419146;1122832;74;0,69;4,69;4,69;4,69;
419170;1122832;75;0,69;4,69;4,69;4,69;
419149;1122832;76;0,69;4,69;4,69;4,69;
419144;1122832;77;0,69;1,89;0;0;
419179;1122832;82;0,69;4,69;4,69;4,69;
419154;1122832;83;0,69;1,89;0;0;
419145;1122832;88;0,69;1,89;0;0;
419182;1122832;91;0,69;1,89;0;0;
419148;1122832;93;0,69;4,69;4,69;4,69;
419143;1122832;94;0,69;4,69;4,69;4,69;
419174;1122832;101;0,69;1,89;0;0;
419159;1122832;103;0;1,62;3,69;3,69;
419158;1122832;104;0,19;3,49;0;0;
419176;1122832;105;0;1,62;3,69;3,69;
419184;1122832;106;0,19;3,49;0;0;
