id;account_id;payment_form_id;parcel_number;fixed_tax_percentual;parcel_tax_percentual;fixed_tax_value
2221;1122838;34;12;4,01;13,23;0,44
2222;1122838;4;1;2,86;0,00;0,44
2223;1122838;34;3;4,01;4,6;0,44
2224;1122838;34;2;4,01;4,03;0,44
2225;1122838;9;1;2,86;0,00;0,44
2226;1122838;76;5;4,01;6,33;0,44
2227;1122838;82;5;4,01;6,33;0,44
2228;1122838;7;7;4,01;8,63;0,44
2229;1122838;93;9;4,01;10,93;0,44
2230;1122838;34;8;4,01;9,78;0,44
2231;1122838;6;12;4,01;13,23;0,44
2232;1122838;7;1;4,01;0,00;0,44
2233;1122838;6;6;4,01;7,48;0,44
2234;1122838;57;11;4,01;12,65;0,44
2235;1122838;3;4;4,01;5,18;0,44
2236;1122838;74;12;4,01;13,23;0,44
2237;1122838;76;11;4,01;12,65;0,44
2238;1122838;6;3;4,01;4,6;0,44
2239;1122838;3;1;4,01;0,00;0,44
2240;1122838;76;12;4,01;13,23;0,44
2241;1122838;82;12;4,01;13,23;0,44
2242;1122838;82;9;4,01;10,93;0,44
2243;1122838;82;1;4,01;0,00;0,44
2244;1122838;7;10;4,01;12,08;0,44
2245;1122838;3;6;4,01;7,48;0,44
2246;1122838;35;1;2,86;0,00;0,44
2247;1122838;13;1;2,86;0,00;0,44
2248;1122838;57;4;4,01;5,18;0,44
2249;1122838;37;3;4,01;4,6;0,44
2250;1122838;6;5;4,01;6,33;0,44
2251;1122838;37;4;4,01;5,18;0,44
2252;1122838;57;3;4,01;4,6;0,44
2253;1122838;37;12;4,01;13,23;0,44
2254;1122838;76;1;4,01;0,00;0,44
2255;1122838;19;1;2,86;0,00;0,44
2256;1122838;93;5;4,01;6,33;0,44
2257;1122838;93;6;4,01;7,48;0,44
2258;1122838;5;5;4,01;6,33;0,44
2259;1122838;5;1;4,01;0,00;0,44
2260;1122838;3;10;4,01;12,08;0,44
2261;1122838;29;1;2,86;0,00;0,44
2262;1122838;57;5;4,01;6,33;0,44
2263;1122838;91;1;2,86;0,00;0,44
2264;1122838;5;10;4,01;12,08;0,44
2265;1122838;3;2;4,01;4,03;0,44
2266;1122838;7;9;4,01;10,93;0,44
2267;1122838;85;1;2,86;0,00;0,44
2268;1122838;6;4;4,01;5,18;0,44
2269;1122838;5;4;4,01;5,18;0,44
2270;1122838;27;1;2,86;0,00;0,44
2271;1122838;57;10;4,01;12,08;0,44
2272;1122838;74;3;4,01;4,6;0,44
2273;1122838;74;7;4,01;8,63;0,44
2274;1122838;5;12;4,01;13,23;0,44
2275;1122838;5;9;4,01;10,93;0,44
2276;1122838;87;1;2,86;0,00;0,44
2277;1122838;6;9;4,01;10,93;0,44
2278;1122838;7;5;4,01;6,33;0,44
2279;1122838;34;5;4,01;6,33;0,44
2280;1122838;75;7;4,01;8,63;0,44
2281;1122838;24;1;2,86;0,00;0,44
2282;1122838;73;1;2,86;0,00;0,44
2283;1122838;34;7;4,01;8,63;0,44
2284;1122838;78;1;2,86;0,00;0,44
2285;1122838;82;6;4,01;7,48;0,44
2286;1122838;79;1;2,86;0,00;0,44
2287;1122838;77;1;2,86;0,00;0,44
2288;1122838;3;8;4,01;9,78;0,44
2289;1122838;5;11;4,01;12,65;0,44
2290;1122838;7;11;4,01;12,65;0,44
2291;1122838;37;10;4,01;12,08;0,44
2292;1122838;5;3;4,01;4,6;0,44
2293;1122838;57;8;4,01;9,78;0,44
2294;1122838;75;10;4,01;12,08;0,44
2295;1122838;18;1;2,86;0,00;0,44
2296;1122838;74;1;4,01;0,00;0,44
2297;1122838;76;7;4,01;8,63;0,44
2298;1122838;37;9;4,01;10,93;0,44
2299;1122838;5;6;4,01;7,48;0,44
2300;1122838;76;6;4,01;7,48;0,44
2301;1122838;6;10;4,01;12,08;0,44
2302;1122838;93;11;4,01;12,65;0,44
2303;1122838;93;4;4,01;5,18;0,44
2304;1122838;75;12;4,01;13,23;0,44
2305;1122838;74;11;4,01;12,65;0,44
2306;1122838;74;9;4,01;10,93;0,44
2307;1122838;37;7;4,01;8,63;0,44
2308;1122838;6;11;4,01;12,65;0,44
2309;1122838;93;1;4,01;0,00;0,44
2310;1122838;75;11;4,01;12,65;0,44
2311;1122838;7;4;4,01;5,18;0,44
2312;1122838;3;3;4,01;4,6;0,44
2313;1122838;6;8;4,01;9,78;0,44
2314;1122838;88;1;2,86;0,00;0,44
2315;1122838;83;1;2,86;0,00;0,44
2316;1122838;3;7;4,01;8,63;0,44
2317;1122838;58;1;2,86;0,00;0,44
2318;1122838;8;1;2,86;0,00;0,44
2319;1122838;81;1;2,86;0,00;0,44
2320;1122838;34;10;4,01;12,08;0,44
2321;1122838;34;9;4,01;10,93;0,44
2322;1122838;7;12;4,01;13,23;0,44
2323;1122838;57;9;4,01;10,93;0,44
2324;1122838;75;4;4,01;5,18;0,44
2325;1122838;7;6;4,01;7,48;0,44
2326;1122838;5;7;4,01;8,63;0,44
2327;1122838;82;8;4,01;9,78;0,44
2328;1122838;23;1;2,86;0,00;0,44
2329;1122838;76;3;4,01;4,6;0,44
2330;1122838;5;2;4,01;4,03;0,44
2331;1122838;74;8;4,01;9,78;0,44
2332;1122838;37;8;4,01;9,78;0,44
2333;1122838;93;7;4,01;8,63;0,44
2334;1122838;5;8;4,01;9,78;0,44
2335;1122838;34;11;4,01;12,65;0,44
2336;1122838;57;2;4,01;4,03;0,44
2337;1122838;15;1;2,86;0,00;0,44
2338;1122838;37;5;4,01;6,33;0,44
2339;1122838;82;4;4,01;5,18;0,44
2340;1122838;6;1;4,01;0,00;0,44
2341;1122838;7;3;4,01;4,6;0,44
2342;1122838;34;6;4,01;7,48;0,44
2343;1122838;74;4;4,01;5,18;0,44
2344;1122838;93;8;4,01;9,78;0,44
2345;1122838;37;11;4,01;12,65;0,44
2346;1122838;82;2;4,01;4,03;0,44
2347;1122838;75;3;4,01;4,6;0,44
2348;1122838;93;2;4,01;4,03;0,44
2349;1122838;57;12;4,01;13,23;0,44
2350;1122838;14;1;2,86;0,00;0,44
2351;1122838;28;1;2,86;0,00;0,44
2352;1122838;74;2;4,01;4,03;0,44
2353;1122838;1;1;2,86;0,00;0,44
2354;1122838;76;9;4,01;10,93;0,44
2355;1122838;34;1;4,01;0,00;0,44
2356;1122838;3;11;4,01;12,65;0,44
2357;1122838;32;1;2,86;0,00;0,44
2358;1122838;30;1;2,86;0,00;0,44
2359;1122838;75;6;4,01;7,48;0,44
2360;1122838;3;12;4,01;13,23;0,44
2361;1122838;75;1;4,01;0,00;0,44
2362;1122838;74;5;4,01;6,33;0,44
2363;1122838;76;2;4,01;4,03;0,44
2364;1122838;82;11;4,01;12,65;0,44
2365;1122838;75;2;4,01;4,03;0,44
2366;1122838;3;9;4,01;10,93;0,44
2367;1122838;76;4;4,01;5,18;0,44
2368;1122838;76;10;4,01;12,08;0,44
2369;1122838;33;1;2,86;0,00;0,44
2370;1122838;7;2;4,01;4,03;0,44
2371;1122838;37;6;4,01;7,48;0,44
2372;1122838;38;1;2,86;0,00;0,44
2373;1122838;75;5;4,01;6,33;0,44
2374;1122838;76;8;4,01;9,78;0,44
2375;1122838;7;8;4,01;9,78;0,44
2376;1122838;84;1;2,86;0,00;0,44
2377;1122838;82;3;4,01;4,6;0,44
2378;1122838;57;6;4,01;7,48;0,44
2379;1122838;86;1;2,86;0,00;0,44
2380;1122838;20;1;2,86;0,00;0,44
2381;1122838;93;3;4,01;4,6;0,44
2382;1122838;57;1;4,01;0,00;0,44
2383;1122838;75;8;4,01;9,78;0,44
2384;1122838;80;1;2,86;0,00;0,44
2385;1122838;6;7;4,01;8,63;0,44
2386;1122838;34;4;4,01;5,18;0,44
2387;1122838;6;2;4,01;4,03;0,44
2388;1122838;82;7;4,01;8,63;0,44
2389;1122838;37;1;4,01;0,00;0,44
2390;1122838;93;10;4,01;12,08;0,44
2391;1122838;37;2;4,01;4,03;0,44
2392;1122838;2;1;2,86;0,00;0,44
2393;1122838;22;1;2,86;0,00;0,44
2394;1122838;82;10;4,01;12,08;0,44
2395;1122838;3;5;4,01;6,33;0,44
2396;1122838;93;12;4,01;13,23;0,44
2397;1122838;101;1;2,86;0,00;0,44
2398;1122838;74;6;4,01;7,48;0,44
2399;1122838;74;10;4,01;12,08;0,44
2400;1122838;57;7;4,01;8,63;0,44
2401;1122838;75;9;4,01;10,93;0,44
21384;1219405;103;6;3,67;10,63;0,00
21385;1219405;3;10;4,01;12,08;0,44
21386;1219405;73;1;2,86;0,00;0,44
21387;1219405;82;5;4,01;6,33;0,44
21388;1219405;3;8;4,01;9,78;0,44
21389;1219405;6;3;4,01;4,6;0,44
21390;1219405;5;12;4,01;13,23;0,44
21391;1219405;103;10;3,67;17,25;0,00
21392;1219405;34;6;4,01;7,48;0,44
21393;1219405;93;10;4,01;12,08;0,44
21394;1219405;76;12;4,01;13,23;0,44
21395;1219405;74;3;4,01;4,6;0,44
21396;1219405;103;7;3,67;12,28;0,00
21397;1219405;82;11;4,01;12,65;0,44
21398;1219405;37;4;4,01;5,18;0,44
21399;1219405;19;1;2,86;0,00;0,44
21400;1219405;75;8;4,01;9,78;0,44
21401;1219405;86;1;2,86;0,00;0,44
21402;1219405;75;1;4,01;0,00;0,44
21403;1219405;3;2;4,01;4,03;0,44
21404;1219405;75;4;4,01;5,18;0,44
21405;1219405;75;7;4,01;8,63;0,44
21406;1219405;5;9;4,01;10,93;0,44
21407;1219405;37;9;4,01;10,93;0,44
21408;1219405;3;5;4,01;6,33;0,44
21409;1219405;7;11;4,01;12,65;0,44
21410;1219405;37;7;4,01;8,63;0,44
21411;1219405;57;4;4,01;5,18;0,44
21412;1219405;37;8;4,01;9,78;0,44
21413;1219405;101;1;2,86;0,00;0,44
21414;1219405;6;10;4,01;12,08;0,44
21415;1219405;35;1;2,86;0,00;0,44
21416;1219405;5;8;4,01;9,78;0,44
21417;1219405;76;5;4,01;6,33;0,44
21418;1219405;7;5;4,01;6,33;0,44
21419;1219405;3;6;4,01;7,48;0,44
21420;1219405;57;12;4,01;13,23;0,44
21421;1219405;85;1;2,86;0,00;0,44
21422;1219405;37;12;4,01;13,23;0,44
21423;1219405;80;1;2,86;0,00;0,44
21424;1219405;103;11;3,67;18,91;0,00
21425;1219405;5;5;4,01;6,33;0,44
21426;1219405;103;8;3,67;13,94;0,00
21427;1219405;75;9;4,01;10,93;0,44
21428;1219405;7;7;4,01;8,63;0,44
21429;1219405;57;3;4,01;4,6;0,44
21430;1219405;37;10;4,01;12,08;0,44
21431;1219405;103;5;3,67;8,97;0,00
21432;1219405;5;1;4,01;0,00;0,44
21433;1219405;74;8;4,01;9,78;0,44
21434;1219405;6;11;4,01;12,65;0,44
21435;1219405;13;1;2,86;0,00;0,44
21436;1219405;74;12;4,01;13,23;0,44
21437;1219405;7;3;4,01;4,6;0,44
21438;1219405;37;2;4,01;4,03;0,44
21439;1219405;82;1;4,01;0,00;0,44
21440;1219405;75;5;4,01;6,33;0,44
21441;1219405;104;1;2,75;0,00;0,00
21442;1219405;3;7;4,01;8,63;0,44
21443;1219405;82;4;4,01;5,18;0,44
21444;1219405;74;10;4,01;12,08;0,44
21445;1219405;106;1;2,75;0,00;0,00
21446;1219405;7;12;4,01;13,23;0,44
21447;1219405;24;1;2,86;0,00;0,44
21448;1219405;76;1;4,01;0,00;0,44
21449;1219405;7;2;4,01;4,03;0,44
21450;1219405;93;11;4,01;12,65;0,44
21451;1219405;74;1;4,01;0,00;0,44
21452;1219405;3;11;4,01;12,65;0,44
21453;1219405;22;1;2,86;0,00;0,44
21454;1219405;7;1;4,01;0,00;0,44
21455;1219405;105;6;3,67;10,63;0,00
21456;1219405;7;10;4,01;12,08;0,44
21457;1219405;91;1;2,86;0,00;0,44
21458;1219405;76;4;4,01;5,18;0,44
21459;1219405;75;6;4,01;7,48;0,44
21460;1219405;37;5;4,01;6,33;0,44
21461;1219405;93;9;4,01;10,93;0,44
21462;1219405;5;6;4,01;7,48;0,44
21463;1219405;34;10;4,01;12,08;0,44
21464;1219405;23;1;2,86;0,00;0,44
21465;1219405;74;9;4,01;10,93;0,44
21466;1219405;5;10;4,01;12,08;0,44
21467;1219405;105;11;3,67;18,91;0,00
21468;1219405;3;9;4,01;10,93;0,44
21469;1219405;57;8;4,01;9,78;0,44
21470;1219405;6;7;4,01;8,63;0,44
21471;1219405;93;7;4,01;8,63;0,44
21472;1219405;34;8;4,01;9,78;0,44
21473;1219405;6;9;4,01;10,93;0,44
21474;1219405;3;3;4,01;4,6;0,44
21475;1219405;93;12;4,01;13,23;0,44
21476;1219405;37;3;4,01;4,6;0,44
21477;1219405;6;4;4,01;5,18;0,44
21478;1219405;74;6;4,01;7,48;0,44
21479;1219405;105;5;3,67;8,97;0,00
21480;1219405;82;2;4,01;4,03;0,44
21481;1219405;7;4;4,01;5,18;0,44
21482;1219405;103;9;3,67;15,59;0,00
21483;1219405;57;11;4,01;12,65;0,44
21484;1219405;74;7;4,01;8,63;0,44
21485;1219405;93;2;4,01;4,03;0,44
21486;1219405;5;4;4,01;5,18;0,44
21487;1219405;82;12;4,01;13,23;0,44
21488;1219405;93;5;4,01;6,33;0,44
21489;1219405;9;1;2,86;0,00;0,44
21490;1219405;34;4;4,01;5,18;0,44
21491;1219405;81;1;2,86;0,00;0,44
21492;1219405;76;8;4,01;9,78;0,44
21493;1219405;34;2;4,01;4,03;0,44
21494;1219405;103;1;3,67;0,00;0,00
21495;1219405;58;1;2,86;0,00;0,44
21496;1219405;75;3;4,01;4,6;0,44
21497;1219405;32;1;2,86;0,00;0,44
21498;1219405;3;4;4,01;5,18;0,44
21499;1219405;6;6;4,01;7,48;0,44
21500;1219405;1;1;2,86;0,00;0,44
21501;1219405;30;1;2,86;0,00;0,44
21502;1219405;105;8;3,67;13,94;0,00
21503;1219405;84;1;2,86;0,00;0,44
21504;1219405;34;7;4,01;8,63;0,44
21505;1219405;77;1;2,86;0,00;0,44
21506;1219405;37;11;4,01;12,65;0,44
21507;1219405;76;10;4,01;12,08;0,44
21508;1219405;5;11;4,01;12,65;0,44
21509;1219405;103;12;3,67;20,56;0,00
21510;1219405;3;1;4,01;0,00;0,44
21511;1219405;34;11;4,01;12,65;0,44
21512;1219405;5;3;4,01;4,6;0,44
21513;1219405;27;1;2,86;0,00;0,44
21514;1219405;57;9;4,01;10,93;0,44
21515;1219405;83;1;2,86;0,00;0,44
21516;1219405;105;4;3,67;7,31;0,00
21517;1219405;82;3;4,01;4,6;0,44
21518;1219405;34;1;4,01;0,00;0,44
21519;1219405;34;12;4,01;13,23;0,44
21520;1219405;6;8;4,01;9,78;0,44
21521;1219405;29;1;2,86;0,00;0,44
21522;1219405;6;1;4,01;0,00;0,44
21523;1219405;105;3;3,67;5,66;0,00
21524;1219405;105;7;3,67;12,28;0,00
21525;1219405;34;9;4,01;10,93;0,44
21526;1219405;28;1;2,86;0,00;0,44
21527;1219405;103;3;3,67;5,66;0,00
21528;1219405;37;6;4,01;7,48;0,44
21529;1219405;57;10;4,01;12,08;0,44
21530;1219405;76;9;4,01;10,93;0,44
21531;1219405;75;12;4,01;13,23;0,44
21532;1219405;93;3;4,01;4,6;0,44
21533;1219405;78;1;2,86;0,00;0,44
21534;1219405;7;6;4,01;7,48;0,44
21535;1219405;14;1;2,86;0,00;0,44
21536;1219405;34;3;4,01;4,6;0,44
21537;1219405;105;2;3,67;4;0,00
21538;1219405;105;9;3,67;15,59;0,00
21539;1219405;88;1;2,86;0,00;0,44
21540;1219405;74;4;4,01;5,18;0,44
21541;1219405;76;7;4,01;8,63;0,44
21542;1219405;37;1;4,01;0,00;0,44
21543;1219405;2;1;2,86;0,00;0,44
21544;1219405;76;2;4,01;4,03;0,44
21545;1219405;75;11;4,01;12,65;0,44
21546;1219405;75;2;4,01;4,03;0,44
21547;1219405;5;2;4,01;4,03;0,44
21548;1219405;57;5;4,01;6,33;0,44
21549;1219405;74;2;4,01;4,03;0,44
21550;1219405;20;1;2,86;0,00;0,44
21551;1219405;74;5;4,01;6,33;0,44
21552;1219405;4;1;2,86;0,00;0,44
21553;1219405;82;6;4,01;7,48;0,44
21554;1219405;79;1;2,86;0,00;0,44
21555;1219405;76;3;4,01;4,6;0,44
21556;1219405;8;1;2,86;0,00;0,44
21557;1219405;6;12;4,01;13,23;0,44
21558;1219405;57;2;4,01;4,03;0,44
21559;1219405;33;1;2,86;0,00;0,44
21560;1219405;7;9;4,01;10,93;0,44
21561;1219405;34;5;4,01;6,33;0,44
21562;1219405;57;7;4,01;8,63;0,44
21563;1219405;18;1;2,86;0,00;0,44
21564;1219405;75;10;4,01;12,08;0,44
21565;1219405;82;8;4,01;9,78;0,44
21566;1219405;105;10;3,67;17,25;0,00
21567;1219405;103;2;3,67;4;0,00
21568;1219405;57;6;4,01;7,48;0,44
21569;1219405;82;10;4,01;12,08;0,44
21570;1219405;76;11;4,01;12,65;0,44
21571;1219405;76;6;4,01;7,48;0,44
21572;1219405;82;7;4,01;8,63;0,44
21573;1219405;87;1;2,86;0,00;0,44
21574;1219405;74;11;4,01;12,65;0,44
21575;1219405;82;9;4,01;10,93;0,44
21576;1219405;93;6;4,01;7,48;0,44
21577;1219405;5;7;4,01;8,63;0,44
21578;1219405;7;8;4,01;9,78;0,44
21579;1219405;105;1;3,67;0,00;0,00
21580;1219405;105;12;3,67;20,56;0,00
21581;1219405;6;2;4,01;4,03;0,44
21582;1219405;38;1;2,86;0,00;0,44
21583;1219405;57;1;4,01;0,00;0,44
21584;1219405;15;1;2,86;0,00;0,44
21585;1219405;93;4;4,01;5,18;0,44
21586;1219405;6;5;4,01;6,33;0,44
21587;1219405;103;4;3,67;7,31;0,00
21588;1219405;3;12;4,01;13,23;0,44
21589;1219405;93;1;4,01;0,00;0,44
21590;1219405;93;8;4,01;9,78;0,44
1219654;3056391;14;1;4,01;0,00;0,00
1219670;3056391;7;8;7,36;4,14;0,00
1219671;3056391;103;10;3,67;17,25;0,00
1219672;3056391;6;8;7,36;4,14;0,00
1219673;3056391;106;1;2,75;0,00;0,00
1219674;3056391;6;3;7,36;0,00;0,00
1219675;3056391;74;11;7,36;6,73;0,00
1219676;3056391;5;5;7,36;1,84;0,00
1219677;3056391;30;1;4,01;0,00;0,00
1219678;3056391;7;12;7,36;6,73;0,00
1219679;3056391;28;1;4,01;0,00;0,00
1219680;3056391;109;12;3,67;20,56;0,00
1219681;3056391;3;5;7,36;1,84;0,00
1219682;3056391;103;8;3,67;13,94;0,00
1219669;3056391;6;4;7,36;1,84;0,00
1219668;3056391;34;1;7,36;0,00;0,00
1219655;3056391;103;2;3,67;4;0,00
1219656;3056391;74;8;7,36;4,14;0,00
1219657;3056391;109;7;3,67;12,28;0,00
1219658;3056391;74;12;7,36;6,73;0,00
1219659;3056391;37;8;7,36;4,14;0,00
1219660;3056391;105;10;3,67;17,25;0,00
1219661;3056391;5;1;7,36;0,00;0,00
1219662;3056391;37;7;7,36;4,14;0,00
1219663;3056391;105;8;3,67;13,94;0,00
1219664;3056391;34;3;7,36;0,00;0,00
1219665;3056391;105;5;3,67;8,97;0,00
1219666;3056391;34;12;7,36;6,73;0,00
1219667;3056391;7;6;7,36;1,84;0,00
1219683;3056391;76;6;7,36;1,84;0,00
1219684;3056391;7;3;7,36;0,00;0,00
1219685;3056391;27;1;4,01;0,00;0,00
1219701;3056391;34;4;7,36;1,84;0,00
1219702;3056391;75;9;7,36;4,14;0,00
1219703;3056391;57;9;7,36;4,14;0,00
1219704;3056391;5;12;7,36;6,73;0,00
1219705;3056391;57;10;7,36;6,73;0,00
1219706;3056391;29;1;4,01;0,00;0,00
1219707;3056391;74;4;7,36;1,84;0,00
1219708;3056391;75;6;7,36;1,84;0,00
1219709;3056391;76;5;7,36;1,84;0,00
1219710;3056391;6;6;7,36;1,84;0,00
1219711;3056391;5;9;7,36;4,14;0,00
1219712;3056391;76;7;7,36;4,14;0,00
1219713;3056391;1;1;4,01;0,00;0,00
1219700;3056391;103;3;3,67;5,66;0,00
1219699;3056391;105;11;3,67;18,91;0,00
1219686;3056391;93;4;7,36;1,84;0,00
1219687;3056391;93;6;7,36;1,84;0,00
1219688;3056391;3;7;7,36;4,14;0,00
1219689;3056391;57;4;7,36;1,84;0,00
1219690;3056391;103;4;3,67;7,31;0,00
1219691;3056391;7;11;7,36;6,73;0,00
1219692;3056391;93;5;7,36;1,84;0,00
1219693;3056391;57;1;7,36;0,00;0,00
1219694;3056391;3;8;7,36;4,14;0,00
1219695;3056391;19;1;4,01;0,00;0,00
1219696;3056391;76;1;7,36;0,00;0,00
1219697;3056391;94;11;7,36;6,73;0,00
1219698;3056391;74;1;7,36;0,00;0,00
1219714;3056391;9;1;4,01;0,00;0,00
1219770;3056391;34;6;7,36;1,84;0,00
1219609;3056391;6;9;7,36;4,14;0,00
1219610;3056391;57;7;7,36;4,14;0,00
1219611;3056391;94;6;7,36;1,84;0,00
1219612;3056391;3;12;7,36;6,73;0,00
1219613;3056391;37;4;7,36;1,84;0,00
1219614;3056391;37;3;7,36;0,00;0,00
1219615;3056391;7;5;7,36;1,84;0,00
1219616;3056391;37;11;7,36;6,73;0,00
1219617;3056391;82;3;7,36;0,00;0,00
1219618;3056391;3;2;7,36;0,00;0,00
1219619;3056391;5;4;7,36;1,84;0,00
1219620;3056391;75;4;7,36;1,84;0,00
1219621;3056391;93;2;7,36;0,00;0,00
1219608;3056391;5;10;7,36;6,73;0,00
1219607;3056391;109;3;3,67;5,66;0,00
1219594;3056391;76;3;7,36;0,00;0,00
1219595;3056391;33;1;4,01;0,00;0,00
1219596;3056391;5;11;7,36;6,73;0,00
1219597;3056391;94;3;7,36;0,00;0,00
1219598;3056391;7;2;7,36;0,00;0,00
1219599;3056391;93;9;7,36;4,14;0,00
1219600;3056391;109;10;3,67;17,25;0,00
1219601;3056391;94;5;7,36;1,84;0,00
1219602;3056391;6;11;7,36;6,73;0,00
1219603;3056391;57;6;7,36;1,84;0,00
1219604;3056391;76;2;7,36;0,00;0,00
1219605;3056391;82;10;7,36;6,73;0,00
1219606;3056391;3;10;7,36;6,73;0,00
1219622;3056391;103;6;3,67;10,63;0,00
1219623;3056391;103;5;3,67;8,97;0,00
1219624;3056391;75;1;7,36;0,00;0,00
1219640;3056391;105;3;3,67;5,66;0,00
1219641;3056391;5;7;7,36;4,14;0,00
1219642;3056391;22;1;4,01;0,00;0,00
1219643;3056391;93;3;7,36;0,00;0,00
1219644;3056391;2;1;4,01;0,00;0,00
1219645;3056391;82;12;7,36;6,73;0,00
1219646;3056391;7;1;7,36;0,00;0,00
1219647;3056391;76;12;7,36;6,73;0,00
1219648;3056391;105;2;3,67;4;0,00
1219649;3056391;101;1;4,01;0,00;0,00
1219650;3056391;82;7;7,36;4,14;0,00
1219651;3056391;5;8;7,36;4,14;0,00
1219652;3056391;94;10;7,36;6,73;0,00
1219639;3056391;76;10;7,36;6,73;0,00
1219638;3056391;94;2;7,36;0,00;0,00
1219625;3056391;75;10;7,36;6,73;0,00
1219626;3056391;75;7;7,36;4,14;0,00
1219627;3056391;35;1;4,01;0,00;0,00
1219628;3056391;75;3;7,36;0,00;0,00
1219629;3056391;5;3;7,36;0,00;0,00
1219630;3056391;74;10;7,36;6,73;0,00
1219631;3056391;77;1;4,01;0,00;0,00
1219632;3056391;37;6;7,36;1,84;0,00
1219633;3056391;34;9;7,36;4,14;0,00
1219634;3056391;103;1;3,67;0,00;0,00
1219635;3056391;13;1;4,01;0,00;0,00
1219636;3056391;5;2;7,36;0,00;0,00
1219637;3056391;109;9;3,67;15,59;0,00
1219653;3056391;34;10;7,36;6,73;0,00
1219776;3056391;20;1;4,01;0,00;0,00
1219760;3056391;73;1;4,01;0,00;0,00
1219759;3056391;82;6;7,36;1,84;0,00
1219758;3056391;94;7;7,36;4,14;0,00
1219757;3056391;109;4;3,67;7,31;0,00
1219756;3056391;109;5;3,67;8,97;0,00
1219755;3056391;93;12;7,36;6,73;0,00
1219754;3056391;76;11;7,36;6,73;0,00
1219753;3056391;75;11;7,36;6,73;0,00
1219752;3056391;7;10;7,36;6,73;0,00
1219751;3056391;75;12;7,36;6,73;0,00
1219750;3056391;103;7;3,67;12,28;0,00
1219749;3056391;6;10;7,36;6,73;0,00
1219748;3056391;6;1;7,36;0,00;0,00
1219761;3056391;105;7;3,67;12,28;0,00
1219762;3056391;109;6;3,67;10,63;0,00
1219775;3056391;94;9;7,36;4,14;0,00
1219774;3056391;76;8;7,36;4,14;0,00
1219773;3056391;109;1;3,67;0,00;0,00
1219772;3056391;57;11;7,36;6,73;0,00
1219771;3056391;7;7;7,36;4,14;0,00
1219715;3056391;105;4;3,67;7,31;0,00
1219769;3056391;37;1;7,36;0,00;0,00
1219768;3056391;34;8;7,36;4,14;0,00
1219767;3056391;82;5;7,36;1,84;0,00
1219766;3056391;38;1;4,01;0,00;0,00
1219765;3056391;37;9;7,36;4,14;0,00
1219764;3056391;109;2;3,67;4;0,00
1219763;3056391;82;4;7,36;1,84;0,00
1219747;3056391;6;2;7,36;0,00;0,00
1219746;3056391;3;6;7,36;1,84;0,00
1219745;3056391;105;1;3,67;0,00;0,00
1219729;3056391;57;5;7,36;1,84;0,00
1219728;3056391;18;1;4,01;0,00;0,00
1219727;3056391;3;4;7,36;1,84;0,00
1219726;3056391;82;11;7,36;6,73;0,00
1219725;3056391;82;9;7,36;4,14;0,00
1219724;3056391;3;9;7,36;4,14;0,00
1219723;3056391;109;11;3,67;18,91;0,00
1219722;3056391;7;4;7,36;1,84;0,00
1219721;3056391;24;1;4,01;0,00;0,00
1219720;3056391;88;1;4,01;0,00;0,00
1219719;3056391;57;2;7,36;0,00;0,00
1219718;3056391;6;5;7,36;1,84;0,00
1219717;3056391;74;5;7,36;1,84;0,00
1219730;3056391;74;7;7,36;4,14;0,00
1219731;3056391;75;2;7,36;0,00;0,00
1219744;3056391;76;4;7,36;1,84;0,00
1219743;3056391;104;1;2,75;0,00;0,00
1219742;3056391;103;12;3,67;20,56;0,00
1219741;3056391;105;6;3,67;10,63;0,00
1219740;3056391;34;5;7,36;1,84;0,00
1219739;3056391;5;6;7,36;1,84;0,00
1219738;3056391;105;9;3,67;15,59;0,00
1219737;3056391;93;8;7,36;4,14;0,00
1219736;3056391;34;2;7,36;0,00;0,00
1219735;3056391;37;10;7,36;6,73;0,00
1219734;3056391;74;2;7,36;0,00;0,00
1219733;3056391;74;6;7,36;1,84;0,00
1219732;3056391;93;11;7,36;6,73;0,00
1219802;3056391;94;8;7,36;4,14;0,00
1219777;3056391;83;1;4,01;0,00;0,00
1219716;3056391;58;1;4,01;0,00;0,00
1219807;3056391;34;7;7,36;4,14;0,00
1219806;3056391;3;1;7,36;0,00;0,00
1219805;3056391;91;1;4,01;0,00;0,00
1219804;3056391;93;10;7,36;6,73;0,00
1219803;3056391;57;12;7,36;6,73;0,00
1219782;3056391;93;7;7,36;4,14;0,00
1219801;3056391;4;1;4,01;0,00;0,00
1219800;3056391;7;9;7,36;4,14;0,00
1219808;3056391;34;11;7,36;6,73;0,00
1219809;3056391;6;12;7,36;6,73;0,00
1219817;3056391;15;1;4,01;0,00;0,00
1219816;3056391;103;9;3,67;15,59;0,00
1219815;3056391;74;9;7,36;4,14;0,00
1219814;3056391;103;11;3,67;18,91;0,00
1219813;3056391;8;1;4,01;0,00;0,00
1219812;3056391;57;8;7,36;4,14;0,00
1219811;3056391;82;1;7,36;0,00;0,00
1219810;3056391;94;4;7,36;1,84;0,00
1219799;3056391;109;8;3,67;13,94;0,00
1219798;3056391;32;1;4,01;0,00;0,00
1219797;3056391;76;9;7,36;4,14;0,00
1219786;3056391;37;5;7,36;1,84;0,00
1219785;3056391;74;3;7,36;0,00;0,00
1219784;3056391;37;12;7,36;6,73;0,00
1219783;3056391;93;1;7,36;0,00;0,00
1219781;3056391;3;3;7,36;0,00;0,00
1219780;3056391;82;2;7,36;0,00;0,00
1219779;3056391;94;12;7,36;6,73;0,00
1219778;3056391;37;2;7,36;0,00;0,00
1219787;3056391;23;1;4,01;0,00;0,00
1219788;3056391;82;8;7,36;4,14;0,00
1219796;3056391;75;8;7,36;4,14;0,00
1219795;3056391;105;12;3,67;20,56;0,00
1219794;3056391;94;1;7,36;0,00;0,00
1219793;3056391;110;1;2,75;0,00;0,00
1219792;3056391;6;7;7,36;4,14;0,00
1219791;3056391;75;5;7,36;1,84;0,00
1219790;3056391;57;3;7,36;0,00;0,00
1219789;3056391;3;11;7,36;6,73;0,00
1214520;3052332;5;7;4,6;9,78;0,21
1214524;3052332;8;1;0,00;0,00;4,47
1214523;3052332;77;1;0,00;0,00;4,47
1214522;3052332;7;9;4,6;12,08;0,21
1214521;3052332;57;9;4,6;12,08;0,21
1214525;3052332;109;8;3,67;13,94;0,00
1214526;3052332;37;10;4,6;13,23;0,21
1214527;3052332;82;7;4,6;9,78;0,21
1214528;3052332;33;1;0,00;0,00;4,47
1214529;3052332;57;6;4,6;8,63;0,21
1214530;3052332;75;1;4,6;0,00;0,21
1214531;3052332;57;10;4,6;13,23;0,21
1214532;3052332;75;3;4,6;4,6;0,21
1214533;3052332;74;9;4,6;12,08;0,21
1214519;3052332;82;12;4,6;14,38;0,21
1214518;3052332;82;3;4,6;4,6;0,21
1214505;3052332;3;3;4,6;4,6;0,21
1214506;3052332;74;4;4,6;5,18;0,21
1214507;3052332;3;10;4,6;13,23;0,21
1214508;3052332;57;3;4,6;4,6;0,21
1214509;3052332;94;8;4,6;10,93;0,21
1214510;3052332;38;1;0,00;0,00;4,47
1214511;3052332;5;11;4,6;13,8;0,21
1214512;3052332;7;5;4,6;7,48;0,21
1214513;3052332;57;1;4,6;0,00;0,21
1214514;3052332;7;10;4,6;13,23;0,21
1214515;3052332;93;11;4,6;13,8;0,21
1214516;3052332;75;10;4,6;13,23;0,21
1214517;3052332;6;9;4,6;12,08;0,21
1214504;3052332;34;5;4,6;7,48;0,21
1214534;3052332;7;7;4,6;9,78;0,21
1214535;3052332;101;1;0,00;0,00;4,47
1214551;3052332;5;1;4,6;0,00;0,21
1214552;3052332;34;11;4,6;13,8;0,21
1214553;3052332;103;5;3,67;8,97;0,00
1214554;3052332;105;9;3,67;15,59;0,00
1214556;3052332;105;3;3,67;5,66;0,00
1214557;3052332;3;5;4,6;7,48;0,21
1214558;3052332;34;4;4,6;5,18;0,21
1214559;3052332;82;5;4,6;7,48;0,21
1214560;3052332;76;10;4,6;13,23;0,21
1214561;3052332;14;1;0,00;0,00;4,47
1214562;3052332;22;1;0,00;0,00;4,47
1214563;3052332;32;1;0,00;0,00;4,47
1214564;3052332;82;6;4,6;8,63;0,21
1214550;3052332;93;7;4,6;9,78;0,21
1214549;3052332;103;8;3,67;13,94;0,00
1214536;3052332;57;7;4,6;9,78;0,21
1214537;3052332;75;4;4,6;5,18;0,21
1214538;3052332;7;1;4,6;0,00;0,21
1214539;3052332;74;12;4,6;14,38;0,21
1214540;3052332;7;3;4,6;4,6;0,21
1214541;3052332;3;4;4,6;5,18;0,21
1214542;3052332;34;12;4,6;14,38;0,21
1214543;3052332;6;12;4,6;14,38;0,21
1214544;3052332;82;2;4,6;4,03;0,21
1214545;3052332;37;7;4,6;9,78;0,21
1214546;3052332;18;1;0,00;0,00;4,47
1214547;3052332;73;1;0,00;0,00;4,47
1214548;3052332;83;1;0,00;0,00;4,47
1214658;3052332;37;11;4,6;13,8;0,21
1214442;3052332;103;12;3,67;20,56;0,00
1214446;3052332;1;1;4,01;0,00;0,77
1214445;3052332;109;3;3,67;5,66;0,00
1214444;3052332;76;8;4,6;10,93;0,21
1214443;3052332;109;6;3,67;10,63;0,00
1214463;3052332;103;9;3,67;15,59;0,00
1214464;3052332;105;12;3,67;20,56;0,00
1214465;3052332;75;12;4,6;14,38;0,21
1214466;3052332;15;1;0,00;0,00;4,47
1214467;3052332;7;8;4,6;10,93;0,21
1214468;3052332;74;11;4,6;13,8;0,21
1214469;3052332;37;2;4,6;4,03;0,21
1214470;3052332;6;3;4,6;4,6;0,21
1214471;3052332;109;5;3,67;8,97;0,00
1214447;3052332;82;1;4,6;0,00;0,21
1214448;3052332;6;11;4,6;13,8;0,21
1214449;3052332;94;9;4,6;12,08;0,21
1214453;3052332;37;3;4,6;4,6;0,21
1214462;3052332;24;1;0,00;0,00;4,47
1214461;3052332;94;12;4,6;14,38;0,21
1214460;3052332;94;11;4,6;13,8;0,21
1214459;3052332;93;6;4,6;8,63;0,21
1214458;3052332;75;9;4,6;12,08;0,21
1214457;3052332;57;8;4,6;10,93;0,21
1214456;3052332;5;10;4,6;13,23;0,21
1214455;3052332;74;6;4,6;8,63;0,21
1214454;3052332;6;4;4,6;5,18;0,21
1214452;3052332;94;1;4,6;0,00;0,21
1214451;3052332;3;8;4,6;10,93;0,21
1214450;3052332;57;11;4,6;13,8;0,21
1214472;3052332;105;5;3,67;8,97;0,00
1214473;3052332;109;4;3,67;7,31;0,00
1214490;3052332;94;6;4,6;8,63;0,21
1214491;3052332;2;1;4,01;0,00;0,77
1214492;3052332;34;1;4,6;0,00;0,21
1214493;3052332;34;6;4,6;8,63;0,21
1214494;3052332;93;9;4,6;12,08;0,21
1214495;3052332;93;5;4,6;7,48;0,21
1214496;3052332;3;7;4,6;9,78;0,21
1214497;3052332;103;3;3,67;5,66;0,00
1214498;3052332;9;1;0,00;0,00;4,47
1214499;3052332;6;7;4,6;9,78;0,21
1214500;3052332;74;2;4,6;4,03;0,21
1214501;3052332;74;5;4,6;7,48;0,21
1214502;3052332;5;2;4,6;4,03;0,21
1214489;3052332;106;1;2,75;0,00;0,00
1214488;3052332;34;10;4,6;13,23;0,21
1214487;3052332;76;9;4,6;12,08;0,21
1214474;3052332;34;8;4,6;10,93;0,21
1214475;3052332;109;10;3,67;17,25;0,00
1214476;3052332;5;4;4,6;5,18;0,21
1214477;3052332;76;2;4,6;4,03;0,21
1214478;3052332;74;3;4,6;4,6;0,21
1214479;3052332;6;8;4,6;10,93;0,21
1214480;3052332;3;11;4,6;13,8;0,21
1214481;3052332;109;11;3,67;18,91;0,00
1214482;3052332;34;9;4,6;12,08;0,21
1214483;3052332;74;7;4,6;9,78;0,21
1214484;3052332;75;7;4,6;9,78;0,21
1214485;3052332;58;1;4,01;0,00;0,77
1214486;3052332;6;2;4,6;4,03;0,21
1214503;3052332;3;12;4,6;14,38;0,21
1214615;3052332;82;11;4,6;13,8;0,21
1214600;3052332;94;4;4,6;5,18;0,21
1214599;3052332;94;10;4,6;13,23;0,21
1214601;3052332;105;2;3,67;4;0,00
1214598;3052332;3;1;4,6;0,00;0,21
1214597;3052332;13;1;0,00;0,00;4,47
1214596;3052332;93;12;4,6;14,38;0,21
1214595;3052332;6;5;4,6;7,48;0,21
1214594;3052332;3;9;4,6;12,08;0,21
1214593;3052332;76;5;4,6;7,48;0,21
1214592;3052332;105;1;3,67;0,00;0,00
1214555;3052332;109;7;3,67;12,28;0,00
1214602;3052332;5;6;4,6;8,63;0,21
1214603;3052332;34;3;4,6;4,6;0,21
1214613;3052332;7;11;4,6;13,8;0,21
1214612;3052332;37;1;4,6;0,00;0,21
1214611;3052332;7;12;4,6;14,38;0,21
1214610;3052332;94;3;4,6;4,6;0,21
1214609;3052332;105;10;3,67;17,25;0,00
1214608;3052332;37;6;4,6;8,63;0,21
1214607;3052332;35;1;0,00;0,00;4,47
1214606;3052332;104;1;2,75;0,00;0,00
1214605;3052332;37;4;4,6;5,18;0,21
1214604;3052332;76;6;4,6;8,63;0,21
1214591;3052332;28;1;0,00;0,00;4,47
1214590;3052332;76;1;4,6;0,00;0,21
1214589;3052332;109;2;3,67;4;0,00
1214575;3052332;103;11;3,67;18,91;0,00
1214574;3052332;6;10;4,6;13,23;0,21
1214573;3052332;82;4;4,6;5,18;0,21
1214572;3052332;103;10;3,67;17,25;0,00
1214571;3052332;94;2;4,6;4,03;0,21
1214570;3052332;3;2;4,6;4,03;0,21
1214569;3052332;91;1;0,00;0,00;4,47
1214568;3052332;94;7;4,6;9,78;0,21
1214567;3052332;109;12;3,67;20,56;0,00
1214566;3052332;76;12;4,6;14,38;0,21
1214576;3052332;93;10;4,6;13,23;0,21
1214577;3052332;88;1;0,00;0,00;4,47
1214578;3052332;110;1;2,75;0,00;0,00
1214588;3052332;23;1;0,00;0,00;4,47
1214587;3052332;93;3;4,6;4,6;0,21
1214586;3052332;109;9;3,67;15,59;0,00
1214585;3052332;20;1;0,00;0,00;4,47
1214584;3052332;103;4;3,67;7,31;0,00
1214583;3052332;6;6;4,6;8,63;0,21
1214582;3052332;93;2;4,6;4,03;0,21
1214581;3052332;7;2;4,6;4,03;0,21
1214580;3052332;82;9;4,6;12,08;0,21
1214579;3052332;74;10;4,6;13,23;0,21
1214565;3052332;57;4;4,6;5,18;0,21
1214614;3052332;103;6;3,67;10,63;0,00
1214651;3052332;4;1;0,00;0,00;4,47
1214650;3052332;7;4;4,6;5,18;0,21
1214649;3052332;57;12;4,6;14,38;0,21
1214648;3052332;105;11;3,67;18,91;0,00
1214647;3052332;19;1;0,00;0,00;4,47
1214646;3052332;75;8;4,6;10,93;0,21
1214645;3052332;74;1;4,6;0,00;0,21
1214644;3052332;27;1;0,00;0,00;4,47
1214643;3052332;29;1;0,00;0,00;4,47
1214642;3052332;76;11;4,6;13,8;0,21
1214652;3052332;75;11;4,6;13,8;0,21
1214653;3052332;3;6;4,6;8,63;0,21
1214654;3052332;93;1;4,6;0,00;0,21
1214665;3052332;6;1;4,6;0,00;0,21
1214664;3052332;76;7;4,6;9,78;0,21
1214663;3052332;57;2;4,6;4,03;0,21
1214662;3052332;75;6;4,6;8,63;0,21
1214661;3052332;103;7;3,67;12,28;0,00
1214660;3052332;105;8;3,67;13,94;0,00
1214659;3052332;57;5;4,6;7,48;0,21
1214657;3052332;5;5;4,6;7,48;0,21
1214656;3052332;37;8;4,6;10,93;0,21
1214655;3052332;82;8;4,6;10,93;0,21
1214641;3052332;105;6;3,67;10,63;0,00
1214640;3052332;5;9;4,6;12,08;0,21
1214616;3052332;105;4;3,67;7,31;0,00
1214626;3052332;109;1;3,67;0,00;0,00
1214625;3052332;5;12;4,6;14,38;0,21
1214624;3052332;76;4;4,6;5,18;0,21
1214623;3052332;5;3;4,6;4,6;0,21
1214622;3052332;93;4;4,6;5,18;0,21
1214621;3052332;37;5;4,6;7,48;0,21
1214620;3052332;7;6;4,6;8,63;0,21
1214619;3052332;34;2;4,6;4,03;0,21
1214618;3052332;37;12;4,6;14,38;0,21
1214617;3052332;93;8;4,6;10,93;0,21
1214627;3052332;75;5;4,6;7,48;0,21
1214628;3052332;34;7;4,6;9,78;0,21
1214639;3052332;74;8;4,6;10,93;0,21
1214638;3052332;94;5;4,6;7,48;0,21
1214637;3052332;103;2;3,67;4;0,00
1214636;3052332;103;1;3,67;0,00;0,00
1214635;3052332;30;1;0,00;0,00;4,47
1214634;3052332;5;8;4,6;10,93;0,21
1214633;3052332;105;7;3,67;12,28;0,00
1214632;3052332;76;3;4,6;4,6;0,21
1214631;3052332;37;9;4,6;12,08;0,21
1214630;3052332;82;10;4,6;13,23;0,21
1214629;3052332;75;2;4,6;4,03;0,21
1080773;3051546;5;4;4,7;6,33;0,77
1080774;3051546;76;6;4,7;8,63;0,77
1080775;3051546;76;1;4,7;0,00;0,77
1080776;3051546;109;5;3,67;8,97;0,00
1080777;3051546;75;6;4,7;8,63;0,77
1080772;3051546;103;6;3,67;10,63;0,00
1080771;3051546;82;11;4,7;13,8;0,77
1080770;3051546;6;7;4,7;9,78;0,77
1080769;3051546;105;6;3,67;10,63;0,00
1080768;3051546;94;9;4,7;12,08;0,77
1080767;3051546;5;1;4,7;0,00;0,77
1080766;3051546;28;1;2,88;0,00;0,77
1080778;3051546;57;7;4,7;9,78;0,77
1080779;3051546;82;9;4,7;12,08;0,77
1080790;3051546;5;9;4,7;12,08;0,77
1080791;3051546;7;8;4,7;10,93;0,77
1080789;3051546;76;12;4,7;14,38;0,77
1080788;3051546;109;9;3,67;15,59;0,00
1080787;3051546;109;8;3,67;13,94;0,00
1080786;3051546;94;2;4,7;5,18;0,77
1080785;3051546;37;9;4,7;12,08;0,77
1080784;3051546;103;11;3,67;18,91;0,00
1080783;3051546;9;1;2,88;0,00;0,77
1080782;3051546;74;11;4,7;13,8;0,77
1080781;3051546;34;3;4,7;5,75;0,77
1080780;3051546;105;5;3,67;8,97;0,00
1080765;3051546;7;10;4,7;13,23;0,77
1080764;3051546;94;7;4,7;9,78;0,77
1080763;3051546;106;1;2,75;0,00;0,00
1080748;3051546;6;4;4,7;6,33;0,77
1080747;3051546;76;4;4,7;6,33;0,77
1080746;3051546;103;9;3,67;15,59;0,00
1080745;3051546;93;8;4,7;10,93;0,77
1080744;3051546;6;8;4,7;10,93;0,77
1080743;3051546;94;1;4,7;0,00;0,77
1080742;3051546;5;2;4,7;5,18;0,77
1080741;3051546;93;5;4,7;7,48;0,77
1080740;3051546;19;1;2,88;0,00;0,77
1080739;3051546;76;9;4,7;12,08;0,77
1080737;3051546;34;7;4,7;9,78;0,77
1080749;3051546;82;1;4,7;0,00;0,77
1080750;3051546;93;7;4,7;9,78;0,77
1080751;3051546;3;2;4,7;5,18;0,77
1080762;3051546;103;7;3,67;12,28;0,00
1080761;3051546;20;1;2,88;0,00;0,77
1080760;3051546;93;9;4,7;12,08;0,77
1080759;3051546;74;2;4,7;5,18;0,77
1080758;3051546;93;11;4,7;13,8;0,77
1080757;3051546;30;1;2,88;0,00;0,77
1080756;3051546;6;2;4,7;5,18;0,77
1080755;3051546;91;1;2,88;0,00;0,77
1080754;3051546;93;3;4,7;5,75;0,77
1080753;3051546;34;10;4,7;13,23;0,77
1080752;3051546;37;3;4,7;5,75;0,77
1080738;3051546;57;6;4,7;8,63;0,77
1080792;3051546;74;6;4,7;8,63;0,77
1080623;3051546;93;12;4,7;14,38;0,77
1080833;3051546;37;6;4,7;8,63;0,77
1080832;3051546;3;12;4,7;14,38;0,77
1080831;3051546;74;7;4,7;9,78;0,77
1080830;3051546;6;3;4,7;5,75;0,77
1080829;3051546;75;2;4,7;5,18;0,77
1080828;3051546;109;6;3,67;10,63;0,00
1080827;3051546;5;11;4,7;13,8;0,77
1080826;3051546;34;8;4,7;10,93;0,77
1080825;3051546;74;3;4,7;5,75;0,77
1080824;3051546;4;1;2,88;0,00;0,77
1080823;3051546;82;3;4,7;5,75;0,77
1080822;3051546;34;11;4,7;13,8;0,77
1080834;3051546;75;5;4,7;7,48;0,77
1080835;3051546;94;11;4,7;13,8;0,77
1080655;3051546;105;4;3,67;7,31;0,00
1080679;3051546;110;1;2,75;0,00;0,00
1080845;3051546;74;5;4,7;7,48;0,77
1080844;3051546;7;4;4,7;6,33;0,77
1080843;3051546;105;3;3,67;5,66;0,00
1080842;3051546;74;1;4,7;0,00;0,77
1080841;3051546;5;3;4,7;5,75;0,77
1080840;3051546;75;7;4,7;9,78;0,77
1080839;3051546;93;2;4,7;5,18;0,77
1080838;3051546;82;8;4,7;10,93;0,77
1080837;3051546;2;1;4,01;0,00;0,77
1080836;3051546;103;4;3,67;7,31;0,00
1080821;3051546;93;4;4,7;6,33;0,77
1080820;3051546;57;2;4,7;5,18;0,77
1080805;3051546;27;1;2,88;0,00;0,77
1080804;3051546;76;10;4,7;13,23;0,77
1080803;3051546;105;9;3,67;15,59;0,00
1080802;3051546;76;2;4,7;5,18;0,77
1080801;3051546;75;10;4,7;13,23;0,77
1080800;3051546;101;1;2,88;0,00;0,77
1080799;3051546;3;7;4,7;9,78;0,77
1080798;3051546;75;12;4,7;14,38;0,77
1080797;3051546;29;1;2,88;0,00;0,77
1080796;3051546;109;10;3,67;17,25;0,00
1080795;3051546;34;1;4,7;0,00;0,77
1080794;3051546;93;1;4,7;0,00;0,77
1080806;3051546;74;10;4,7;13,23;0,77
1080807;3051546;94;4;4,7;6,33;0,77
1080819;3051546;76;7;4,7;9,78;0,77
1080818;3051546;37;12;4,7;14,38;0,77
1080817;3051546;57;9;4,7;12,08;0,77
1080816;3051546;3;9;4,7;12,08;0,77
1080815;3051546;6;5;4,7;7,48;0,77
1080814;3051546;34;2;4,7;5,18;0,77
1080813;3051546;5;5;4,7;7,48;0,77
1080812;3051546;76;5;4,7;7,48;0,77
1080811;3051546;37;1;4,7;0,00;0,77
1080810;3051546;82;7;4,7;9,78;0,77
1080809;3051546;94;10;4,7;13,23;0,77
1080808;3051546;6;12;4,7;14,38;0,77
1080793;3051546;3;4;4,7;6,33;0,77
1080736;3051546;7;7;4,7;9,78;0,77
1080663;3051546;34;6;4,7;8,63;0,77
1080647;3051546;103;2;3,67;4;0,00
1080646;3051546;13;1;2,88;0,00;0,77
1080645;3051546;5;8;4,7;10,93;0,77
1080644;3051546;24;1;2,88;0,00;0,77
1080643;3051546;82;5;4,7;7,48;0,77
1080642;3051546;58;1;4,01;0,00;0,77
1080641;3051546;37;11;4,7;13,8;0,77
1080640;3051546;5;12;4,7;14,38;0,77
1080639;3051546;94;3;4,7;5,75;0,77
1080723;3051546;3;11;4,7;13,8;0,77
1080625;3051546;33;1;2,88;0,00;0,77
1080638;3051546;8;1;2,88;0,00;0,77
1080648;3051546;57;4;4,7;6,33;0,77
1080649;3051546;103;1;3,67;0,00;0,00
1080662;3051546;6;11;4,7;13,8;0,77
1080661;3051546;3;6;4,7;8,63;0,77
1080709;3051546;104;1;2,75;0,00;0,00
1080659;3051546;105;1;3,67;0,00;0,00
1080658;3051546;34;12;4,7;14,38;0,77
1080657;3051546;75;8;4,7;10,93;0,77
1080656;3051546;75;11;4,7;13,8;0,77
1080654;3051546;7;11;4,7;13,8;0,77
1080653;3051546;74;8;4,7;10,93;0,77
1080652;3051546;7;1;4,7;0,00;0,77
1080651;3051546;7;6;4,7;8,63;0,77
1080650;3051546;82;6;4,7;8,63;0,77
1080637;3051546;18;1;2,88;0,00;0,77
1080636;3051546;57;10;4,7;13,23;0,77
1080711;3051546;23;1;2,88;0,00;0,77
1080712;3051546;103;12;3,67;20,56;0,00
1080701;3051546;34;4;4,7;6,33;0,77
1080713;3051546;3;3;4,7;5,75;0,77
1080714;3051546;14;1;2,88;0,00;0,77
1080715;3051546;6;6;4,7;8,63;0,77
1080716;3051546;75;1;4,7;0,00;0,77
1080717;3051546;83;1;2,88;0,00;0,77
1080718;3051546;82;2;4,7;5,18;0,77
1080719;3051546;105;10;3,67;17,25;0,00
1080720;3051546;15;1;2,88;0,00;0,77
1080721;3051546;57;8;4,7;10,93;0,77
1080710;3051546;74;12;4,7;14,38;0,77
1080622;3051546;7;12;4,7;14,38;0,77
1080635;3051546;82;10;4,7;13,23;0,77
1080634;3051546;3;10;4,7;13,23;0,77
1080633;3051546;38;1;2,88;0,00;0,77
1080632;3051546;109;1;3,67;0,00;0,00
1080631;3051546;93;10;4,7;13,23;0,77
1080630;3051546;74;4;4,7;6,33;0,77
1080629;3051546;7;2;4,7;5,18;0,77
1080628;3051546;35;1;2,88;0,00;0,77
1080627;3051546;57;1;4,7;0,00;0,77
1080626;3051546;75;4;4,7;6,33;0,77
1080624;3051546;109;3;3,67;5,66;0,00
1080724;3051546;76;8;4,7;10,93;0,77
1080722;3051546;94;5;4,7;7,48;0,77
1080735;3051546;57;12;4,7;14,38;0,77
1080707;3051546;7;3;4,7;5,75;0,77
1080700;3051546;37;10;4,7;13,23;0,77
1080699;3051546;73;1;2,88;0,00;0,77
1080698;3051546;37;5;4,7;7,48;0,77
1080697;3051546;6;10;4,7;13,23;0,77
1080696;3051546;82;12;4,7;14,38;0,77
1080695;3051546;57;5;4,7;7,48;0,77
1080694;3051546;6;9;4,7;12,08;0,77
1080693;3051546;103;10;3,67;17,25;0,00
1080692;3051546;109;12;3,67;20,56;0,00
1080691;3051546;57;11;4,7;13,8;0,77
1080680;3051546;94;6;4,7;8,63;0,77
1080702;3051546;75;3;4,7;5,75;0,77
1080703;3051546;75;9;4,7;12,08;0,77
1080734;3051546;105;8;3,67;13,94;0,00
1080733;3051546;105;11;3,67;18,91;0,00
1080732;3051546;34;5;4,7;7,48;0,77
1080731;3051546;109;4;3,67;7,31;0,00
1080730;3051546;103;5;3,67;8,97;0,00
1080729;3051546;109;7;3,67;12,28;0,00
1080728;3051546;3;1;4,7;0,00;0,77
1080727;3051546;76;11;4,7;13,8;0,77
1080726;3051546;93;6;4,7;8,63;0,77
1080706;3051546;105;2;3,67;4;0,00
1080705;3051546;3;5;4,7;7,48;0,77
1080704;3051546;103;3;3,67;5,66;0,00
1080690;3051546;76;3;4,7;5,75;0,77
1080689;3051546;5;10;4,7;13,23;0,77
1080675;3051546;6;1;4,7;0,00;0,77
1080674;3051546;1;1;4,01;0,00;0,77
1080673;3051546;105;12;3,67;20,56;0,00
1080672;3051546;34;9;4,7;12,08;0,77
1080671;3051546;105;7;3,67;12,28;0,00
1080670;3051546;7;9;4,7;12,08;0,77
1080669;3051546;109;2;3,67;4;0,00
1080668;3051546;94;12;4,7;14,38;0,77
1080667;3051546;22;1;2,88;0,00;0,77
1080666;3051546;103;8;3,67;13,94;0,00
1080665;3051546;37;2;4,7;5,18;0,77
1080725;3051546;94;8;4,7;10,93;0,77
1080664;3051546;37;4;4,7;6,33;0,77
1080676;3051546;3;8;4,7;10,93;0,77
1080660;3051546;109;11;3,67;18,91;0,00
1080688;3051546;7;5;4,7;7,48;0,77
1080687;3051546;37;7;4,7;9,78;0,77
1080686;3051546;74;9;4,7;12,08;0,77
1080685;3051546;88;1;2,88;0,00;0,77
1080684;3051546;32;1;2,88;0,00;0,77
1080683;3051546;57;3;4,7;5,75;0,77
1080682;3051546;82;4;4,7;6,33;0,77
1080681;3051546;5;6;4,7;8,63;0,77
1080708;3051546;77;1;2,88;0,00;0,77
1080678;3051546;5;7;4,7;9,78;0,77
1080677;3051546;37;8;4,7;10,93;0,77
1078814;3047751;75;3;5,16;5,75;0,77
1078761;3047751;34;1;5,16;0,00;0,77
1078727;3047751;76;6;5,16;8,63;0,77
1078728;3047751;34;12;5,16;14,38;0,77
1078781;3047751;34;6;5,16;8,63;0,77
1078794;3047751;109;9;3,67;15,59;0,00
1078795;3047751;75;7;5,16;9,78;0,77
1078796;3047751;75;8;5,16;10,93;0,77
1078797;3047751;74;2;5,16;5,18;0,77
1078798;3047751;27;1;2,75;0,00;0,77
1078799;3047751;94;4;5,16;6,33;0,77
1078800;3047751;37;3;5,16;5,75;0,77
1078801;3047751;7;3;5,16;5,75;0,77
1078802;3047751;94;9;5,16;12,08;0,77
1078803;3047751;19;1;2,75;0,00;0,77
1078793;3047751;3;11;5,16;13,8;0,77
1078792;3047751;28;1;2,75;0,00;0,77
1078782;3047751;93;10;5,16;13,23;0,77
1078783;3047751;29;1;2,75;0,00;0,77
1078784;3047751;57;6;5,16;8,63;0,77
1078785;3047751;3;2;5,16;5,18;0,77
1078786;3047751;73;1;2,75;0,00;0,77
1078787;3047751;3;9;5,16;12,08;0,77
1078788;3047751;7;7;5,16;9,78;0,77
1078789;3047751;34;3;5,16;5,75;0,77
1078790;3047751;93;7;5,16;9,78;0,77
1078791;3047751;7;11;5,16;13,8;0,77
1078804;3047751;94;8;5,16;10,93;0,77
1078805;3047751;105;3;3,67;5,66;0,00
1078806;3047751;57;1;5,16;0,00;0,77
1078820;3047751;6;2;5,16;5,18;0,77
1078821;3047751;75;10;5,16;13,23;0,77
1078822;3047751;75;6;5,16;8,63;0,77
1078823;3047751;74;3;5,16;5,75;0,77
1078824;3047751;37;11;5,16;13,8;0,77
1078825;3047751;105;4;3,67;7,31;0,00
1078826;3047751;93;9;5,16;12,08;0,77
1078827;3047751;76;12;5,16;14,38;0,77
1078828;3047751;3;7;5,16;9,78;0,77
1078829;3047751;109;12;3,67;20,56;0,00
1078819;3047751;93;5;5,16;7,48;0,77
1078818;3047751;34;8;5,16;10,93;0,77
1078807;3047751;7;8;5,16;10,93;0,77
1078808;3047751;13;1;2,75;0,00;0,77
1078809;3047751;82;3;5,16;5,75;0,77
1078810;3047751;94;10;5,16;13,23;0,77
1078811;3047751;109;8;3,67;13,94;0,00
1078812;3047751;74;12;5,16;14,38;0,77
1078813;3047751;6;7;5,16;9,78;0,77
1078815;3047751;5;12;5,16;14,38;0,77
1078816;3047751;34;10;5,16;13,23;0,77
1078817;3047751;37;10;5,16;13,23;0,77
1078762;3047751;5;7;5,16;9,78;0,77
1078780;3047751;82;4;5,16;6,33;0,77
1078729;3047751;82;7;5,16;9,78;0,77
1078742;3047751;105;5;3,67;8,97;0,00
1078743;3047751;101;1;2,75;0,00;0,77
1078744;3047751;110;1;2,75;0,00;0,00
1078745;3047751;6;5;5,16;7,48;0,77
1078746;3047751;6;10;5,16;13,23;0,77
1078747;3047751;94;11;5,16;13,8;0,77
1078748;3047751;75;11;5,16;13,8;0,77
1078749;3047751;94;6;5,16;8,63;0,77
1078750;3047751;104;1;2,75;0,00;0,00
1078751;3047751;103;5;3,67;8,97;0,00
1078741;3047751;37;7;5,16;9,78;0,77
1078740;3047751;37;1;5,16;0,00;0,77
1078730;3047751;83;1;2,75;0,00;0,77
1078731;3047751;34;4;5,16;6,33;0,77
1078732;3047751;74;5;5,16;7,48;0,77
1078733;3047751;57;11;5,16;13,8;0,77
1078734;3047751;20;1;2,75;0,00;0,77
1078735;3047751;76;11;5,16;13,8;0,77
1078736;3047751;2;1;4,01;0,00;0,77
1078737;3047751;18;1;2,75;0,00;0,77
1078738;3047751;94;2;5,16;5,18;0,77
1078739;3047751;57;7;5,16;9,78;0,77
1078752;3047751;7;5;5,16;7,48;0,77
1078753;3047751;3;6;5,16;8,63;0,77
1078754;3047751;103;6;3,67;10,63;0,00
1078769;3047751;109;11;3,67;18,91;0,00
1078770;3047751;14;1;2,75;0,00;0,77
1078771;3047751;94;1;5,16;0,00;0,77
1078772;3047751;76;7;5,16;9,78;0,77
1078773;3047751;75;5;5,16;7,48;0,77
1078774;3047751;103;8;3,67;13,94;0,00
1078775;3047751;74;8;5,16;10,93;0,77
1078776;3047751;35;1;2,75;0,00;0,77
1078777;3047751;6;4;5,16;6,33;0,77
1078778;3047751;103;7;3,67;12,28;0,00
1078768;3047751;74;11;5,16;13,8;0,77
1078767;3047751;75;9;5,16;12,08;0,77
1078755;3047751;34;2;5,16;5,18;0,77
1078756;3047751;109;6;3,67;10,63;0,00
1078757;3047751;5;5;5,16;7,48;0,77
1078758;3047751;93;12;5,16;14,38;0,77
1078759;3047751;37;2;5,16;5,18;0,77
1078760;3047751;57;12;5,16;14,38;0,77
1078763;3047751;57;5;5,16;7,48;0,77
1078764;3047751;1;1;4,01;0,00;0,77
1078765;3047751;75;2;5,16;5,18;0,77
1078766;3047751;7;4;5,16;6,33;0,77
1078779;3047751;57;3;5,16;5,75;0,77
1078667;3047751;103;12;3,67;20,56;0,00
1078650;3047751;34;7;5,16;9,78;0,77
1078649;3047751;3;3;5,16;5,75;0,77
1078648;3047751;105;11;3,67;18,91;0,00
1078647;3047751;105;10;3,67;17,25;0,00
1078646;3047751;109;1;3,67;0,00;0,00
1078645;3047751;82;5;5,16;7,48;0,77
1078644;3047751;76;8;5,16;10,93;0,77
1078643;3047751;94;3;5,16;5,75;0,77
1078642;3047751;106;1;2,75;0,00;0,00
1078641;3047751;103;9;3,67;15,59;0,00
1078640;3047751;6;12;5,16;14,38;0,77
1078639;3047751;37;8;5,16;10,93;0,77
1078638;3047751;77;1;2,75;0,00;0,77
1078651;3047751;93;3;5,16;5,75;0,77
1078652;3047751;75;12;5,16;14,38;0,77
1078666;3047751;76;1;5,16;0,00;0,77
1078665;3047751;3;5;5,16;7,48;0,77
1078664;3047751;76;4;5,16;6,33;0,77
1078663;3047751;105;7;3,67;12,28;0,00
1078661;3047751;58;1;4,01;0,00;0,77
1078660;3047751;103;3;3,67;5,66;0,00
1078659;3047751;7;6;5,16;8,63;0,77
1078658;3047751;82;10;5,16;13,23;0,77
1078657;3047751;109;7;3,67;12,28;0,00
1078656;3047751;38;1;2,75;0,00;0,77
1078655;3047751;74;4;5,16;6,33;0,77
1078654;3047751;23;1;2,75;0,00;0,77
1078653;3047751;74;10;5,16;13,23;0,77
1078636;3047751;5;9;5,16;12,08;0,77
1078635;3047751;93;2;5,16;5,18;0,77
1078619;3047751;24;1;2,75;0,00;0,77
1078618;3047751;93;8;5,16;10,93;0,77
1078617;3047751;34;5;5,16;7,48;0,77
1078616;3047751;93;6;5,16;8,63;0,77
1078615;3047751;109;10;3,67;17,25;0,00
1078614;3047751;91;1;2,75;0,00;0,77
1078613;3047751;105;6;3,67;10,63;0,00
1078612;3047751;4;1;2,75;0,00;0,77
1078611;3047751;5;11;5,16;13,8;0,77
1078610;3047751;57;10;5,16;13,23;0,77
1078609;3047751;37;4;5,16;6,33;0,77
1078608;3047751;7;2;5,16;5,18;0,77
1078607;3047751;5;4;5,16;6,33;0,77
1078620;3047751;82;2;5,16;5,18;0,77
1078621;3047751;34;9;5,16;12,08;0,77
1078634;3047751;5;2;5,16;5,18;0,77
1078633;3047751;76;5;5,16;7,48;0,77
1078632;3047751;5;8;5,16;10,93;0,77
1078631;3047751;6;9;5,16;12,08;0,77
1078630;3047751;82;1;5,16;0,00;0,77
1078629;3047751;74;6;5,16;8,63;0,77
1078628;3047751;5;6;5,16;8,63;0,77
1078627;3047751;7;12;5,16;14,38;0,77
1078626;3047751;105;12;3,67;20,56;0,00
1078625;3047751;94;12;5,16;14,38;0,77
1078624;3047751;109;4;3,67;7,31;0,00
1078623;3047751;37;6;5,16;8,63;0,77
1078622;3047751;105;9;3,67;15,59;0,00
1078606;3047751;105;2;3,67;4;0,00
1078724;3047751;5;1;5,16;0,00;0,77
1078713;3047751;7;10;5,16;13,23;0,77
1078712;3047751;5;10;5,16;13,23;0,77
1078711;3047751;76;3;5,16;5,75;0,77
1078710;3047751;109;2;3,67;4;0,00
1078709;3047751;6;8;5,16;10,93;0,77
1078708;3047751;6;6;5,16;8,63;0,77
1078707;3047751;103;10;3,67;17,25;0,00
1078704;3047751;88;1;2,75;0,00;0,77
1078703;3047751;75;4;5,16;6,33;0,77
1078702;3047751;103;4;3,67;7,31;0,00
1078701;3047751;82;6;5,16;8,63;0,77
1078700;3047751;33;1;2,75;0,00;0,77
1078699;3047751;94;5;5,16;7,48;0,77
1078714;3047751;57;8;5,16;10,93;0,77
1078715;3047751;109;3;3,67;5,66;0,00
1078706;3047751;22;1;2,75;0,00;0,77
1078637;3047751;7;9;5,16;12,08;0,77
1078705;3047751;82;11;5,16;13,8;0,77
1078726;3047751;75;1;5,16;0,00;0,77
1078725;3047751;82;8;5,16;10,93;0,77
1078723;3047751;15;1;2,75;0,00;0,77
1078722;3047751;3;8;5,16;10,93;0,77
1078721;3047751;9;1;2,75;0,00;0,77
1078720;3047751;93;4;5,16;6,33;0,77
1078719;3047751;3;1;5,16;0,00;0,77
1078718;3047751;57;2;5,16;5,18;0,77
1078717;3047751;76;2;5,16;5,18;0,77
1078716;3047751;103;11;3,67;18,91;0,00
1078698;3047751;103;1;3,67;0,00;0,00
1078697;3047751;3;10;5,16;13,23;0,77
1078681;3047751;6;1;5,16;0,00;0,77
1078680;3047751;8;1;2,75;0,00;0,77
1078679;3047751;94;7;5,16;9,78;0,77
1078678;3047751;57;4;5,16;6,33;0,77
1078677;3047751;74;1;5,16;0,00;0,77
1078676;3047751;7;1;5,16;0,00;0,77
1078675;3047751;5;3;5,16;5,75;0,77
1078674;3047751;103;2;3,67;4;0,00
1078673;3047751;93;1;5,16;0,00;0,77
1078672;3047751;57;9;5,16;12,08;0,77
1078671;3047751;105;8;3,67;13,94;0,00
1078670;3047751;34;11;5,16;13,8;0,77
1078669;3047751;6;11;5,16;13,8;0,77
1078682;3047751;37;12;5,16;14,38;0,77
1078683;3047751;37;9;5,16;12,08;0,77
1078696;3047751;6;3;5,16;5,75;0,77
1078695;3047751;74;7;5,16;9,78;0,77
1078694;3047751;109;5;3,67;8,97;0,00
1078693;3047751;32;1;2,75;0,00;0,77
1078692;3047751;3;4;5,16;6,33;0,77
1078691;3047751;82;9;5,16;12,08;0,77
1078690;3047751;76;9;5,16;12,08;0,77
1078689;3047751;93;11;5,16;13,8;0,77
1078688;3047751;74;9;5,16;12,08;0,77
1078687;3047751;76;10;5,16;13,23;0,77
1078686;3047751;82;12;5,16;14,38;0,77
1078685;3047751;3;12;5,16;14,38;0,77
1078684;3047751;30;1;2,75;0,00;0,77
1078668;3047751;37;5;5,16;7,48;0,77
1078662;3047751;105;1;3,67;0,00;0,00
1217006;3042094;93;3;5,85;5,75;0,77
1217060;3042094;94;7;5,85;9,78;0,77
1217059;3042094;34;3;5,85;5,75;0,77
1217058;3042094;82;4;5,85;6,33;0,77
1217057;3042094;76;12;5,85;14,38;0,77
1217056;3042094;76;8;5,85;10,93;0,77
1217055;3042094;7;10;5,85;13,23;0,77
1217054;3042094;57;4;5,85;6,33;0,77
1217053;3042094;23;1;3,55;0,00;0,77
1217052;3042094;37;5;5,85;7,48;0,77
1217051;3042094;93;6;5,85;8,63;0,77
1217050;3042094;57;10;5,85;13,23;0,77
1217061;3042094;75;4;5,85;6,33;0,77
1217062;3042094;34;2;5,85;5,18;0,77
1217063;3042094;76;1;5,85;0,00;0,77
1217074;3042094;105;12;3,67;20,56;0,00
1217073;3042094;19;1;3,55;0,00;0,77
1217072;3042094;37;2;5,85;5,18;0,77
1217071;3042094;109;3;3,67;5,66;0,00
1217070;3042094;7;5;5,85;7,48;0,77
1217069;3042094;76;9;5,85;12,08;0,77
1217068;3042094;76;10;5,85;13,23;0,77
1217067;3042094;103;6;3,67;10,63;0,00
1217066;3042094;6;6;5,85;8,63;0,77
1217065;3042094;75;5;5,85;7,48;0,77
1217064;3042094;5;3;5,85;5,75;0,77
1217049;3042094;7;7;5,85;9,78;0,77
1217048;3042094;75;8;5,85;10,93;0,77
1217047;3042094;82;6;5,85;8,63;0,77
1217032;3042094;7;4;5,85;6,33;0,77
1217031;3042094;8;1;3,55;0,00;0,77
1217030;3042094;58;1;4,01;0,00;0,77
1217029;3042094;93;2;5,85;5,18;0,77
1217028;3042094;32;1;3,55;0,00;0,77
1217026;3042094;15;1;3,55;0,00;0,77
1217025;3042094;37;6;5,85;8,63;0,77
1217024;3042094;6;4;5,85;6,33;0,77
1217023;3042094;82;2;5,85;5,18;0,77
1217022;3042094;1;1;4,01;0,00;0,77
1217021;3042094;3;9;5,85;12,08;0,77
1217033;3042094;74;4;5,85;6,33;0,77
1217034;3042094;7;6;5,85;8,63;0,77
1217035;3042094;74;5;5,85;7,48;0,77
1217046;3042094;37;12;5,85;14,38;0,77
1217045;3042094;94;6;5,85;8,63;0,77
1217044;3042094;82;8;5,85;10,93;0,77
1217043;3042094;76;7;5,85;9,78;0,77
1217042;3042094;103;7;3,67;12,28;0,00
1217041;3042094;82;12;5,85;14,38;0,77
1217040;3042094;103;11;3,67;18,91;0,00
1217039;3042094;94;4;5,85;6,33;0,77
1217038;3042094;37;3;5,85;5,75;0,77
1217037;3042094;103;12;3,67;20,56;0,00
1217036;3042094;74;8;5,85;10,93;0,77
1217020;3042094;75;2;5,85;5,18;0,77
1217075;3042094;103;9;3,67;15,59;0,00
1217027;3042094;105;11;3,67;18,91;0,00
1217117;3042094;37;8;5,85;10,93;0,77
1217116;3042094;3;2;5,85;5,18;0,77
1217115;3042094;109;1;3,67;0,00;0,00
1217114;3042094;6;3;5,85;5,75;0,77
1217113;3042094;109;10;3,67;17,25;0,00
1217112;3042094;37;9;5,85;12,08;0,77
1217111;3042094;94;11;5,85;13,8;0,77
1217110;3042094;57;1;5,85;0,00;0,77
1217109;3042094;82;10;5,85;13,23;0,77
1217108;3042094;6;9;5,85;12,08;0,77
1217107;3042094;3;1;5,85;0,00;0,77
1217106;3042094;105;9;3,67;15,59;0,00
1217118;3042094;109;9;3,67;15,59;0,00
1217119;3042094;5;10;5,85;13,23;0,77
1216961;3042094;2;1;4,01;0,00;0,77
1217083;3042094;93;11;5,85;13,8;0,77
1217129;3042094;7;11;5,85;13,8;0,77
1217128;3042094;3;3;5,85;5,75;0,77
1217127;3042094;83;1;3,55;0,00;0,77
1217126;3042094;34;10;5,85;13,23;0,77
1217125;3042094;105;5;3,67;8,97;0,00
1217124;3042094;93;12;5,85;14,38;0,77
1217123;3042094;57;9;5,85;12,08;0,77
1217122;3042094;57;7;5,85;9,78;0,77
1217121;3042094;75;3;5,85;5,75;0,77
1217120;3042094;93;4;5,85;6,33;0,77
1217105;3042094;6;12;5,85;14,38;0,77
1217104;3042094;103;4;3,67;7,31;0,00
1217089;3042094;74;3;5,85;5,75;0,77
1217088;3042094;6;7;5,85;9,78;0,77
1217087;3042094;77;1;3,55;0,00;0,77
1217086;3042094;5;4;5,85;6,33;0,77
1217085;3042094;109;8;3,67;13,94;0,00
1217084;3042094;75;12;5,85;14,38;0,77
1217082;3042094;76;5;5,85;7,48;0,77
1217081;3042094;105;7;3,67;12,28;0,00
1217080;3042094;74;6;5,85;8,63;0,77
1217079;3042094;34;5;5,85;7,48;0,77
1217078;3042094;109;4;3,67;7,31;0,00
1217077;3042094;7;12;5,85;14,38;0,77
1217090;3042094;14;1;3,55;0,00;0,77
1217091;3042094;57;6;5,85;8,63;0,77
1217103;3042094;34;9;5,85;12,08;0,77
1217102;3042094;103;2;3,67;4;0,00
1217101;3042094;104;1;2,75;0,00;0,00
1217100;3042094;34;8;5,85;10,93;0,77
1217099;3042094;34;11;5,85;13,8;0,77
1217098;3042094;74;9;5,85;12,08;0,77
1217097;3042094;76;3;5,85;5,75;0,77
1217096;3042094;35;1;3,55;0,00;0,77
1217095;3042094;76;2;5,85;5,18;0,77
1217094;3042094;74;12;5,85;14,38;0,77
1217093;3042094;57;11;5,85;13,8;0,77
1217092;3042094;75;9;5,85;12,08;0,77
1217076;3042094;34;6;5,85;8,63;0,77
1217019;3042094;5;7;5,85;9,78;0,77
1216960;3042094;22;1;3,55;0,00;0,77
1216945;3042094;13;1;3,55;0,00;0,77
1216944;3042094;4;1;3,55;0,00;0,77
1216943;3042094;5;9;5,85;12,08;0,77
1216942;3042094;106;1;2,75;0,00;0,00
1216941;3042094;105;6;3,67;10,63;0,00
1216940;3042094;103;3;3,67;5,66;0,00
1216939;3042094;3;5;5,85;7,48;0,77
1216938;3042094;7;2;5,85;5,18;0,77
1216937;3042094;3;6;5,85;8,63;0,77
1216936;3042094;3;10;5,85;13,23;0,77
1216935;3042094;94;3;5,85;5,75;0,77
1216934;3042094;82;5;5,85;7,48;0,77
1216946;3042094;75;10;5,85;13,23;0,77
1216947;3042094;109;5;3,67;8,97;0,00
1216959;3042094;5;5;5,85;7,48;0,77
1216958;3042094;105;4;3,67;7,31;0,00
1216957;3042094;20;1;3,55;0,00;0,77
1216956;3042094;3;11;5,85;13,8;0,77
1216955;3042094;37;1;5,85;0,00;0,77
1216954;3042094;57;2;5,85;5,18;0,77
1216953;3042094;29;1;3,55;0,00;0,77
1216952;3042094;93;9;5,85;12,08;0,77
1216951;3042094;34;7;5,85;9,78;0,77
1216950;3042094;7;9;5,85;12,08;0,77
1216949;3042094;73;1;3,55;0,00;0,77
1216948;3042094;6;2;5,85;5,18;0,77
1216933;3042094;5;2;5,85;5,18;0,77
1216932;3042094;34;1;5,85;0,00;0,77
1216917;3042094;75;11;5,85;13,8;0,77
1216916;3042094;7;3;5,85;5,75;0,77
1216915;3042094;94;2;5,85;5,18;0,77
1216914;3042094;103;8;3,67;13,94;0,00
1216913;3042094;37;4;5,85;6,33;0,77
1216912;3042094;93;8;5,85;10,93;0,77
1216911;3042094;94;1;5,85;0,00;0,77
1216910;3042094;30;1;3,55;0,00;0,77
1216909;3042094;94;9;5,85;12,08;0,77
1216908;3042094;82;1;5,85;0,00;0,77
1216907;3042094;110;1;2,75;0,00;0,00
1216906;3042094;57;12;5,85;14,38;0,77
1216918;3042094;94;10;5,85;13,23;0,77
1216919;3042094;28;1;3,55;0,00;0,77
1216931;3042094;91;1;3,55;0,00;0,77
1216930;3042094;93;1;5,85;0,00;0,77
1216929;3042094;57;5;5,85;7,48;0,77
1216928;3042094;109;7;3,67;12,28;0,00
1216927;3042094;33;1;3,55;0,00;0,77
1216926;3042094;3;4;5,85;6,33;0,77
1216925;3042094;82;11;5,85;13,8;0,77
1216924;3042094;74;7;5,85;9,78;0,77
1216923;3042094;74;1;5,85;0,00;0,77
1216922;3042094;57;3;5,85;5,75;0,77
1216921;3042094;75;6;5,85;8,63;0,77
1216920;3042094;88;1;3,55;0,00;0,77
1217018;3042094;18;1;3,55;0,00;0,77
1217017;3042094;3;12;5,85;14,38;0,77
1217002;3042094;75;7;5,85;9,78;0,77
1217001;3042094;94;12;5,85;14,38;0,77
1217000;3042094;34;12;5,85;14,38;0,77
1216999;3042094;82;7;5,85;9,78;0,77
1216998;3042094;5;8;5,85;10,93;0,77
1216997;3042094;101;1;3,55;0,00;0,77
1216996;3042094;24;1;3,55;0,00;0,77
1216995;3042094;109;11;3,67;18,91;0,00
1216994;3042094;37;7;5,85;9,78;0,77
1216993;3042094;37;10;5,85;13,23;0,77
1216992;3042094;105;1;3,67;0,00;0,00
1216991;3042094;93;10;5,85;13,23;0,77
1217003;3042094;6;10;5,85;13,23;0,77
1217004;3042094;82;3;5,85;5,75;0,77
1217016;3042094;94;5;5,85;7,48;0,77
1216975;3042094;6;5;5,85;7,48;0,77
1217015;3042094;5;6;5,85;8,63;0,77
1217014;3042094;74;2;5,85;5,18;0,77
1217013;3042094;105;2;3,67;4;0,00
1217012;3042094;105;3;3,67;5,66;0,00
1217011;3042094;82;9;5,85;12,08;0,77
1217010;3042094;76;11;5,85;13,8;0,77
1217009;3042094;9;1;3,55;0,00;0,77
1217008;3042094;5;11;5,85;13,8;0,77
1217007;3042094;103;1;3,67;0,00;0,00
1217005;3042094;74;11;5,85;13,8;0,77
1216990;3042094;76;4;5,85;6,33;0,77
1216962;3042094;7;8;5,85;10,93;0,77
1216973;3042094;6;11;5,85;13,8;0,77
1216972;3042094;6;8;5,85;10,93;0,77
1216971;3042094;57;8;5,85;10,93;0,77
1216970;3042094;109;12;3,67;20,56;0,00
1216969;3042094;5;12;5,85;14,38;0,77
1216963;3042094;74;10;5,85;13,23;0,77
1216968;3042094;105;8;3,67;13,94;0,00
1216967;3042094;5;1;5,85;0,00;0,77
1216966;3042094;37;11;5,85;13,8;0,77
1216965;3042094;7;1;5,85;0,00;0,77
1216964;3042094;3;8;5,85;10,93;0,77
1216974;3042094;109;6;3,67;10,63;0,00
1216976;3042094;3;7;5,85;9,78;0,77
1216989;3042094;93;5;5,85;7,48;0,77
1216988;3042094;109;2;3,67;4;0,00
1216987;3042094;76;6;5,85;8,63;0,77
1216986;3042094;27;1;3,55;0,00;0,77
1216985;3042094;38;1;3,55;0,00;0,77
1216984;3042094;103;5;3,67;8,97;0,00
1216983;3042094;94;8;5,85;10,93;0,77
1216982;3042094;75;1;5,85;0,00;0,77
1216981;3042094;103;10;3,67;17,25;0,00
1216980;3042094;34;4;5,85;6,33;0,77
1216979;3042094;105;10;3,67;17,25;0,00
1216978;3042094;93;7;5,85;9,78;0,77
1216977;3042094;6;1;5,85;0,00;0,77
1217168;3041025;37;9;5,74;12,08;0,77
1217169;3041025;6;8;5,74;10,93;0,77
1217170;3041025;6;5;5,74;7,48;0,77
1217171;3041025;57;9;5,74;12,08;0,77
1217172;3041025;109;5;3,67;8,97;0,00
1217160;3041025;9;1;0,00;0,00;3,58
1217167;3041025;37;12;5,74;14,38;0,77
1217166;3041025;6;2;5,74;5,18;0,77
1217165;3041025;109;1;3,67;0,00;0,00
1217164;3041025;76;12;5,74;14,38;0,77
1217163;3041025;94;7;5,74;9,78;0,77
1217162;3041025;37;10;5,74;13,23;0,77
1217161;3041025;93;4;5,74;6,33;0,77
1217173;3041025;57;1;5,74;0,00;0,77
1217174;3041025;105;11;3,67;18,91;0,00
1217186;3041025;33;1;0,00;0,00;3,58
1217185;3041025;74;1;5,74;0,00;0,77
1217184;3041025;103;7;3,67;12,28;0,00
1217183;3041025;5;9;5,74;12,08;0,77
1217182;3041025;3;1;5,74;0,00;0,77
1217181;3041025;109;12;3,67;20,56;0,00
1217180;3041025;5;12;5,74;14,38;0,77
1217179;3041025;105;2;3,67;4;0,00
1217188;3041025;105;10;3,67;17,25;0,00
1217178;3041025;57;5;5,74;7,48;0,77
1217177;3041025;1;1;4,01;0,00;0,77
1217176;3041025;74;4;5,74;6,33;0,77
1217175;3041025;7;7;5,74;9,78;0,77
1217187;3041025;94;2;5,74;5,18;0,77
1217159;3041025;93;1;5,74;0,00;0,77
1217158;3041025;34;5;5,74;7,48;0,77
1217142;3041025;28;1;0,00;0,00;3,58
1217141;3041025;93;2;5,74;5,18;0,77
1217140;3041025;5;1;5,74;0,00;0,77
1217138;3041025;94;9;5,74;12,08;0,77
1217137;3041025;93;6;5,74;8,63;0,77
1217136;3041025;103;12;3,67;20,56;0,00
1217135;3041025;74;12;5,74;14,38;0,77
1217134;3041025;93;8;5,74;10,93;0,77
1217133;3041025;105;5;3,67;8,97;0,00
1217132;3041025;75;2;5,74;5,18;0,77
1217131;3041025;94;1;5,74;0,00;0,77
1217130;3041025;34;7;5,74;9,78;0,77
1217194;3041025;3;9;5,74;12,08;0,77
1217143;3041025;82;7;5,74;9,78;0,77
1217144;3041025;75;3;5,74;5,75;0,77
1217157;3041025;34;8;5,74;10,93;0,77
1217156;3041025;76;1;5,74;0,00;0,77
1217155;3041025;22;1;0,00;0,00;3,58
1217154;3041025;37;7;5,74;9,78;0,77
1217153;3041025;34;4;5,74;6,33;0,77
1217152;3041025;82;2;5,74;5,18;0,77
1217151;3041025;30;1;0,00;0,00;3,58
1217150;3041025;58;1;4,01;0,00;0,77
1217149;3041025;109;6;3,67;10,63;0,00
1217148;3041025;18;1;0,00;0,00;3,58
1217147;3041025;6;1;5,74;0,00;0,77
1217146;3041025;5;4;5,74;6,33;0,77
1217145;3041025;82;6;5,74;8,63;0,77
1217139;3041025;109;3;3,67;5,66;0,00
1217189;3041025;103;8;3,67;13,94;0,00
1217273;3041025;76;4;5,74;6,33;0,77
1217301;3041025;74;3;5,74;5,75;0,77
1217300;3041025;109;7;3,67;12,28;0,00
1217299;3041025;94;3;5,74;5,75;0,77
1217298;3041025;82;11;5,74;13,8;0,77
1217297;3041025;57;10;5,74;13,23;0,77
1217296;3041025;4;1;0,00;0,00;3,58
1217295;3041025;75;12;5,74;14,38;0,77
1217294;3041025;74;9;5,74;12,08;0,77
1217302;3041025;74;2;5,74;5,18;0,77
1217303;3041025;76;10;5,74;13,23;0,77
1217312;3041025;75;7;5,74;9,78;0,77
1217311;3041025;104;1;2,75;0,00;0,00
1217310;3041025;109;9;3,67;15,59;0,00
1217309;3041025;27;1;0,00;0,00;3,58
1217308;3041025;34;9;5,74;12,08;0,77
1217307;3041025;94;10;5,74;13,23;0,77
1217305;3041025;34;2;5,74;5,18;0,77
1217304;3041025;37;1;5,74;0,00;0,77
1217293;3041025;20;1;0,00;0,00;3,58
1217292;3041025;93;10;5,74;13,23;0,77
1217281;3041025;93;5;5,74;7,48;0,77
1217280;3041025;3;6;5,74;8,63;0,77
1217279;3041025;3;4;5,74;6,33;0,77
1217278;3041025;7;8;5,74;10,93;0,77
1217277;3041025;57;2;5,74;5,18;0,77
1217276;3041025;32;1;0,00;0,00;3,58
1217275;3041025;77;1;0,00;0,00;3,58
1217274;3041025;105;4;3,67;7,31;0,00
1217282;3041025;3;5;5,74;7,48;0,77
1217283;3041025;93;11;5,74;13,8;0,77
1217291;3041025;76;5;5,74;7,48;0,77
1217290;3041025;37;4;5,74;6,33;0,77
1217289;3041025;74;5;5,74;7,48;0,77
1217288;3041025;37;3;5,74;5,75;0,77
1217287;3041025;106;1;2,75;0,00;0,00
1217286;3041025;15;1;0,00;0,00;3,58
1217285;3041025;82;12;5,74;14,38;0,77
1217284;3041025;5;10;5,74;13,23;0,77
1217313;3041025;6;4;5,74;6,33;0,77
1217314;3041025;75;4;5,74;6,33;0,77
1217315;3041025;19;1;0,00;0,00;3,58
1217343;3041025;103;2;3,67;4;0,00
1217342;3041025;73;1;0,00;0,00;3,58
1217341;3041025;3;12;5,74;14,38;0,77
1217340;3041025;57;8;5,74;10,93;0,77
1217339;3041025;110;1;2,75;0,00;0,00
1217338;3041025;7;1;5,74;0,00;0,77
1217337;3041025;5;8;5,74;10,93;0,77
1217336;3041025;34;12;5,74;14,38;0,77
1217344;3041025;94;8;5,74;10,93;0,77
1217345;3041025;34;1;5,74;0,00;0,77
1217353;3041025;34;10;5,74;13,23;0,77
1217352;3041025;34;11;5,74;13,8;0,77
1217351;3041025;103;11;3,67;18,91;0,00
1217350;3041025;5;2;5,74;5,18;0,77
1217349;3041025;7;5;5,74;7,48;0,77
1217348;3041025;57;7;5,74;9,78;0,77
1217347;3041025;7;11;5,74;13,8;0,77
1217346;3041025;105;6;3,67;10,63;0,00
1217335;3041025;13;1;0,00;0,00;3,58
1217334;3041025;6;9;5,74;12,08;0,77
1217323;3041025;3;7;5,74;9,78;0,77
1217322;3041025;3;8;5,74;10,93;0,77
1217321;3041025;57;4;5,74;6,33;0,77
1217320;3041025;5;11;5,74;13,8;0,77
1217319;3041025;23;1;0,00;0,00;3,58
1217318;3041025;75;5;5,74;7,48;0,77
1217317;3041025;57;11;5,74;13,8;0,77
1217316;3041025;103;4;3,67;7,31;0,00
1217324;3041025;6;10;5,74;13,23;0,77
1217325;3041025;37;11;5,74;13,8;0,77
1217333;3041025;37;6;5,74;8,63;0,77
1217332;3041025;3;3;5,74;5,75;0,77
1217331;3041025;91;1;0,00;0,00;3,58
1217330;3041025;94;5;5,74;7,48;0,77
1217329;3041025;35;1;0,00;0,00;3,58
1217328;3041025;93;3;5,74;5,75;0,77
1217327;3041025;5;3;5,74;5,75;0,77
1217326;3041025;75;11;5,74;13,8;0,77
1217206;3041025;75;9;5,74;12,08;0,77
1217272;3041025;76;6;5,74;8,63;0,77
1217190;3041025;76;9;5,74;12,08;0,77
1217219;3041025;7;12;5,74;14,38;0,77
1217218;3041025;74;8;5,74;10,93;0,77
1217217;3041025;74;11;5,74;13,8;0,77
1217216;3041025;6;3;5,74;5,75;0,77
1217215;3041025;7;3;5,74;5,75;0,77
1217214;3041025;29;1;0,00;0,00;3,58
1217213;3041025;105;3;3,67;5,66;0,00
1217212;3041025;82;3;5,74;5,75;0,77
1217220;3041025;109;11;3,67;18,91;0,00
1217221;3041025;38;1;0,00;0,00;3,58
1217229;3041025;5;5;5,74;7,48;0,77
1217228;3041025;82;9;5,74;12,08;0,77
1217227;3041025;105;9;3,67;15,59;0,00
1217226;3041025;3;10;5,74;13,23;0,77
1217225;3041025;101;1;0,00;0,00;3,58
1217224;3041025;7;10;5,74;13,23;0,77
1217223;3041025;8;1;0,00;0,00;3,58
1217222;3041025;7;2;5,74;5,18;0,77
1217211;3041025;57;6;5,74;8,63;0,77
1217210;3041025;34;6;5,74;8,63;0,77
1217198;3041025;105;12;3,67;20,56;0,00
1217197;3041025;103;3;3,67;5,66;0,00
1217196;3041025;24;1;0,00;0,00;3,58
1217195;3041025;75;1;5,74;0,00;0,77
1217306;3041025;34;3;5,74;5,75;0,77
1217193;3041025;82;8;5,74;10,93;0,77
1217192;3041025;82;5;5,74;7,48;0,77
1217191;3041025;37;5;5,74;7,48;0,77
1217199;3041025;37;2;5,74;5,18;0,77
1217200;3041025;88;1;0,00;0,00;3,58
1217209;3041025;93;9;5,74;12,08;0,77
1217208;3041025;83;1;0,00;0,00;3,58
1217207;3041025;7;9;5,74;12,08;0,77
1217205;3041025;109;10;3,67;17,25;0,00
1217204;3041025;57;3;5,74;5,75;0,77
1217203;3041025;74;6;5,74;8,63;0,77
1217202;3041025;105;8;3,67;13,94;0,00
1217201;3041025;5;6;5,74;8,63;0,77
1217230;3041025;74;7;5,74;9,78;0,77
1217231;3041025;82;4;5,74;6,33;0,77
1217232;3041025;82;10;5,74;13,23;0,77
1217260;3041025;94;11;5,74;13,8;0,77
1217259;3041025;75;10;5,74;13,23;0,77
1217258;3041025;75;6;5,74;8,63;0,77
1217257;3041025;76;7;5,74;9,78;0,77
1217256;3041025;94;6;5,74;8,63;0,77
1217255;3041025;103;9;3,67;15,59;0,00
1217254;3041025;103;10;3,67;17,25;0,00
1217253;3041025;2;1;4,01;0,00;0,77
1217261;3041025;5;7;5,74;9,78;0,77
1217262;3041025;93;12;5,74;14,38;0,77
1217270;3041025;93;7;5,74;9,78;0,77
1217269;3041025;37;8;5,74;10,93;0,77
1217268;3041025;103;1;3,67;0,00;0,00
1217267;3041025;57;12;5,74;14,38;0,77
1217266;3041025;109;8;3,67;13,94;0,00
1217265;3041025;76;3;5,74;5,75;0,77
1217264;3041025;7;4;5,74;6,33;0,77
1217263;3041025;6;7;5,74;9,78;0,77
1217252;3041025;3;11;5,74;13,8;0,77
1217251;3041025;103;5;3,67;8,97;0,00
1217240;3041025;76;11;5,74;13,8;0,77
1217239;3041025;82;1;5,74;0,00;0,77
1217238;3041025;109;4;3,67;7,31;0,00
1217237;3041025;94;12;5,74;14,38;0,77
1217236;3041025;6;12;5,74;14,38;0,77
1217235;3041025;7;6;5,74;8,63;0,77
1217234;3041025;76;2;5,74;5,18;0,77
1217233;3041025;14;1;0,00;0,00;3,58
1217241;3041025;94;4;5,74;6,33;0,77
1217242;3041025;6;11;5,74;13,8;0,77
1217250;3041025;105;7;3,67;12,28;0,00
1217249;3041025;105;1;3,67;0,00;0,00
1217248;3041025;76;8;5,74;10,93;0,77
1217247;3041025;75;8;5,74;10,93;0,77
1217246;3041025;74;10;5,74;13,23;0,77
1217245;3041025;103;6;3,67;10,63;0,00
1217244;3041025;3;2;5,74;5,18;0,77
1217243;3041025;109;2;3,67;4,00;0,00
1217271;3041025;6;6;5,74;8,63;0,77
1122851;2380198;6;8;5,60;9,50;1,02
1122832;2380198;7;12;5,60;12,50;1,02
963347;2395249;105;2;3,09;3,48;0,00
628952;2538674;82;11;3,79;12,00;0,77
566310;2512117;6;6;4,67;7,50;0,77
556900;941685;94;3;4,67;5,00;0,77
